file	bytes	sha256
01_join_transcripts.py	1304	7c7ad2795a6312b15d9ede30dcbbb57e28c16d5825a8ce0b86d4835c0a0e302f
02_run_mfa.txt	669	b7bb2e3a3d13c42b944db26c99f4eef88601c45920affacac59b1a3f3dd78d80
assemble_v7_production_model_data.py	8299	48f208457a253545f3f0eb782608b2874741d6797c96cd8df0061072ecf7d1e3
export_figure_inputs.py	3321	6cd9373585dfbe6a2cfac0985dc7da49e3f87c1d2b79192980911e95e898fada
export_tables.py	7415	9f5a7fe17898e9d5a3e105c5f67b7e257b70980816bd224e61303450a205cece
export_v7_cpps_duration_balance_v2.py	9925	de88077e5472b9ad07b69db76dea9ab9ab4cfd5a7fa5e7a74f56496e812f366a
extract_flatness_cpp_trajectories.py	19690	f0fc14a697fefa2304b5c61e224e3e2f5d079ecc1bed24e3422dcc3139234540
finalize_v7_production_inference.R	8140	eb94a257fa67edb721bca90df8cdbac25b5c3865aaf3bbb05681d178dcd831cf
fit_v7_production_models.R	9808	632df21430e3e17abbcc76c4e8182e8ccfa977d199c2dc654260bd0679c56509
make_fig_s1.py	3136	1162c4f72f14c4e9161773e6043a09a3521ec427072b3335a9aff3a9efd759a5
make_figures.py	20506	95fc4192fec186e793f57cb8eef27d55be18ec62e9bc9b7286d8316a60ed65ab
materialize_v7_frozen_v6_matching_lineages.py	7684	a356f1287de4e9e0546dcadbfe9b6abda102487ac0f13fba9fd0c4773909c5f1
prepare_replay_workspace.py	2757	eb4635ff886f1d36c167c54464097346681541d802141dece8ebd7f838bda04d
prepare_rq1_replay.py	1199	1e02e91cab8263eca06973d5f7a4cfb3a49cec0b389ffebefa053768e37d598b
prepare_v7_gate.py	10516	846b2d2b5fe253f66b4c678b6a2c4da996a71b5fc9a6cfb193d98bbee4c29596
prepare_v7_production_matching.py	14882	fde7de9fd20654859cdccaa23565ec3fb5ec1dd2f14de67790ec29bbde94dec3
promote_v7_cpps_duration_balance_v2.py	10219	539bc21ee69f6be9b2ae13ac0daa613721bb2d59b63490b9d6f20f83ade00ae7
run_rq1_direct_authenticity.R	24774	e966ca3100397edec8e92077de820591cd48a30e2eb1c3bf0f78a26f84aebc9b
run_v7_benchmark.py	22246	f2919786c16a9542d4c4d4a7594b909874fd21cc0c5f4e8fe3c4941e9a808a28
run_v7_cpps_duration_balance_v2.py	21256	497f6d252e62c3930e672a33d11ad54689fbedaad6558c52a20e1d3b5f2b7ae6
run_v7_interior_extraction.py	13402	0be385d88334482b0c8bccab7bbc80a034da389ee2b8e8513f32648a811acecd
run_v7_production_after_cpps_v2.py	7911	3c3b809d23493cec9093391211da861a1a0ecac03db2b14135f3b8372a2408e3
run_v7_specificity_meta_analysis.R	3529	2424bf26536d08c3e6b96b3d998e0ac1bdcd1ea9d6fde70582636c9e7c2b7471
v7_common.py	5001	1a2069f0edcbe73eb8a7ec43230e0b8814d22c343c0d6ecd9d1dcd3f28179ef2
v7_contrast_spec.py	1090	cd9adc3b6ddaee4878229138afa17bb69931b56f659eb45eefea172ac782306f
v7_meta_functions.R	6011	5f000f8d60329e15f4bc8c137fd43206693da05f8a3d234887c9563c383a3316
v7_model_functions.R	12086	8101418a677cd93a61c30706e47c0267ca0ecd71aa265cd7ebe90ae0cf1d6f68
validate_v7_production_outputs.py	11811	6e12504bcb1340cae86be1de98b38590316f511c7df2792caad5ad9fec616108
