relative_path	bytes	sha256
.gitattributes	8	705fd4d6451a31d36b3df7de96f83f30ac976c9b4a6d1e51671d8e2f33e2d0da
.gitignore	352	0c5ba9280d5a5bc89a9c301a825118d25e24e65b0d6e7bb5387739dc14728ea2
CODE_SHA256.tsv	2782	d8621e2293380aea664b40ed333f907971fb2d4aa43d230e950814817a6cde7d
LICENSE	1535	8a00b20faa4551d479958b1baceb085ce391d1bc5c241669e2b8309eb8430ff1
PYTHON_PRAAT_VERSIONS.tsv	156	297cccb2c5e1c205839a9c168f7519b6ce033d23a26d22445651d4e97399bd79
README.md	11223	2b7c46342304fbf4c6522b39fd9feb98100e81d3363f5aa184c6e281edeffeca
R_PACKAGE_VERSIONS.tsv	115	42e728cc993c1571716a1503393b9b3b897eccbc660536502c29d3ed5e464691
R_sessionInfo.txt	1002	f58cc2d11cd44156dec58d3bf59177f9f0ba3f0e7cb2f7426b44df5e961e5eab
code/01_join_transcripts.py	1304	7c7ad2795a6312b15d9ede30dcbbb57e28c16d5825a8ce0b86d4835c0a0e302f
code/02_run_mfa.txt	669	b7bb2e3a3d13c42b944db26c99f4eef88601c45920affacac59b1a3f3dd78d80
code/assemble_v7_production_model_data.py	8299	48f208457a253545f3f0eb782608b2874741d6797c96cd8df0061072ecf7d1e3
code/export_figure_inputs.py	3321	6cd9373585dfbe6a2cfac0985dc7da49e3f87c1d2b79192980911e95e898fada
code/export_tables.py	7415	9f5a7fe17898e9d5a3e105c5f67b7e257b70980816bd224e61303450a205cece
code/export_v7_cpps_duration_balance_v2.py	9925	de88077e5472b9ad07b69db76dea9ab9ab4cfd5a7fa5e7a74f56496e812f366a
code/extract_flatness_cpp_trajectories.py	19690	f0fc14a697fefa2304b5c61e224e3e2f5d079ecc1bed24e3422dcc3139234540
code/finalize_v7_production_inference.R	8140	eb94a257fa67edb721bca90df8cdbac25b5c3865aaf3bbb05681d178dcd831cf
code/fit_v7_production_models.R	9808	632df21430e3e17abbcc76c4e8182e8ccfa977d199c2dc654260bd0679c56509
code/make_fig_s1.py	3136	1162c4f72f14c4e9161773e6043a09a3521ec427072b3335a9aff3a9efd759a5
code/make_figures.py	20506	95fc4192fec186e793f57cb8eef27d55be18ec62e9bc9b7286d8316a60ed65ab
code/materialize_v7_frozen_v6_matching_lineages.py	7684	a356f1287de4e9e0546dcadbfe9b6abda102487ac0f13fba9fd0c4773909c5f1
code/prepare_replay_workspace.py	2757	eb4635ff886f1d36c167c54464097346681541d802141dece8ebd7f838bda04d
code/prepare_rq1_replay.py	1199	1e02e91cab8263eca06973d5f7a4cfb3a49cec0b389ffebefa053768e37d598b
code/prepare_v7_gate.py	10516	846b2d2b5fe253f66b4c678b6a2c4da996a71b5fc9a6cfb193d98bbee4c29596
code/prepare_v7_production_matching.py	14882	fde7de9fd20654859cdccaa23565ec3fb5ec1dd2f14de67790ec29bbde94dec3
code/promote_v7_cpps_duration_balance_v2.py	10219	539bc21ee69f6be9b2ae13ac0daa613721bb2d59b63490b9d6f20f83ade00ae7
code/run_rq1_direct_authenticity.R	24774	e966ca3100397edec8e92077de820591cd48a30e2eb1c3bf0f78a26f84aebc9b
code/run_v7_benchmark.py	22246	f2919786c16a9542d4c4d4a7594b909874fd21cc0c5f4e8fe3c4941e9a808a28
code/run_v7_cpps_duration_balance_v2.py	21256	497f6d252e62c3930e672a33d11ad54689fbedaad6558c52a20e1d3b5f2b7ae6
code/run_v7_interior_extraction.py	13402	0be385d88334482b0c8bccab7bbc80a034da389ee2b8e8513f32648a811acecd
code/run_v7_production_after_cpps_v2.py	7911	3c3b809d23493cec9093391211da861a1a0ecac03db2b14135f3b8372a2408e3
code/run_v7_specificity_meta_analysis.R	3529	2424bf26536d08c3e6b96b3d998e0ac1bdcd1ea9d6fde70582636c9e7c2b7471
code/v7_common.py	5001	1a2069f0edcbe73eb8a7ec43230e0b8814d22c343c0d6ecd9d1dcd3f28179ef2
code/v7_contrast_spec.py	1090	cd9adc3b6ddaee4878229138afa17bb69931b56f659eb45eefea172ac782306f
code/v7_meta_functions.R	6011	5f000f8d60329e15f4bc8c137fd43206693da05f8a3d234887c9563c383a3316
code/v7_model_functions.R	12086	8101418a677cd93a61c30706e47c0267ca0ecd71aa265cd7ebe90ae0cf1d6f68
code/validate_v7_production_outputs.py	11811	6e12504bcb1340cae86be1de98b38590316f511c7df2792caad5ad9fec616108
data/README.md	210	39453946c1ddef4eba7a000c7a50444ea89dfbd3c7eddd4cbb60b2057cca37b6
data/figures/fig1_regions_schematic.pdf	22792	3be000f4f9db2cb37201af033160f0e3e391553741ee564d18536bb619747105
data/figures/fig1_regions_schematic.png	104924	faf2b2170dcceed369a31ea99cd2a2af201607715b4ab7db0a7342169402ef38
data/figures/fig2_rq1_region_average.pdf	90663	5c7c1853113e20bd468357bedcd6eeac110cc10b19693526590eb7d204eef050
data/figures/fig2_rq1_region_average.png	168602	c0f3d4ec057e2751c506ab74826617eae6edc2edeb37ec143c022277478ec10f
data/figures/fig3_trajectories_A01_energy.pdf	13145	9095156582560c41ee0895ac47b6cdabf61a25bbba268f8c2b9699bd9346d391
data/figures/fig3_trajectories_A01_energy.png	181906	2f621b6af5df010abe335574b4bc47c237c71cd09cc9702eedc3b4a92685a290
data/figures/fig4_rq2_average_specificity.pdf	26303	9fa2d738f448d02da36ae552624f0bd77711dffe7b24aa7079dc57b31ac53f96
data/figures/fig4_rq2_average_specificity.png	290889	0864b7796ebcece572b8c0e6a63cd210dad81c1bb5c0348d62fbc767dac9a55a
data/figures/fig5_rq2_time_resolved.pdf	54001	49d5660404c46098dec459d586b82e404b8566fd4979c52d73d9038dc53958c0
data/figures/fig5_rq2_time_resolved.png	482113	8e712603514b3b8daf13fafe83ef323cdea1648f1a27ab0a27466d05f1ec34a9
data/figures/fig6_meta_forest.pdf	19703	5abe52fad3861a3d2f754e93520dbbf75f3744e9b0da8d3a52dae0446a58479c
data/figures/fig6_meta_forest.png	345161	c0d52a9b7a4ca9cfd2215cccbbdc30e73271c31f8de66e0c247f1b814f360c33
data/figures/fig7_meta_projected_trajectory.pdf	24798	e1f246d3dac6ac9dd6d4fd7b0679aca1589ef99dadcff5341ea5a5c4476583d5
data/figures/fig7_meta_projected_trajectory.png	643802	6185944b7a4dbd1546c3e9f39b63518061919e6f5e18a902bc1c79fcbbcab888
data/figures/figS1_all_direct_effect_trajectories.pdf	99238	6dc37ed372f6c16d6cfc55a8ebac677a359d564da457c1054ca3b931b1c86b5b
data/figures/figS1_all_direct_effect_trajectories.png	2024733	fe2efc4bb39ce55725d3b6ff8ade1c819519dc9090d90623cc2bb3489fbf5433
data/figures_inputs/meta_multivariate.csv	11764	fa41a210cb4bc700e7c94e60ec0ab2e0f9181de412d35dd8e5d1a696d7333900
data/figures_inputs/meta_univariate.csv	879	79ec0d56959a5198374767fb7d4b381effad8c0645f679e7e7ce6be54d1069f1
data/figures_inputs/rq1_region_average.csv	10853	ad43984eaecf0a137fb0233d460ae6b0dbb0befe8bda3d219a0b426758df8474
data/figures_inputs/rq1_time_resolved.csv	278324	b388d785c7b9acd595079ee0f8abc1d166d3ddb148cb6ffda453198901b0f925
data/figures_inputs/rq2_average.csv	6024	fa18fa593b01d32cf7ce73fe4f0bd75405cd0cbd02da3be67b556d38be6c4b41
data/figures_inputs/rq2_shape.csv	1856	97f32f648a6b74ffb78731327aa81379fac3c9a79fd1c305b10d9472a5ec3e3e
data/figures_inputs/rq2_time.csv	23323	83ea3fbba15b924e1d4adc9f6d395404d4c5b837c97fd360ef5d181bb37f9db4
data/inputs/all6_scaling_parameters.tsv	1021	57713f07b65c2bc4a6eec62d32565a894923ea4c692b3f93052f5ff1c97f6463
data/inputs/extension_matched_tokens.tsv	39294592	621e3f801c5326a29ffbc950dc62d52c12cd5451091c71760cab4a3bb817793a
data/inputs/feature_token_eligibility.parquet	9051637	0b1fbd74deebdc9bc85c54982af099e371f1952545e392138b993ad05925b394
data/inputs/flatness_cpp_trajectories.parquet	104080110	02052231171460aa1b378a1a823cc634266740f28e97b726ddf8936f31f139f7
data/inputs/trajectory_eligible_tokens.tsv	104363726	b020d049de8cee4d30c6a92ba827bbf4c10993049becd31eef262f3106d91611
data/inputs/trajectory_features_full.parquet	226597626	3660549ac4fb37510640245d2341e206aadcb9184d3d974243df74d4a8c8540a
data/inputs/trajectory_matched_tokens.tsv	40451870	4eca6fb5b1a713a28fe5d50794c1241c7012a7b16c2be3fcd0eecf5fa659a6d7
data/matching/production_cpps_complete_three_region_tokens.tsv	885145	7020bb01d43b1ab84ad30afe14d73c7b684e8cc893c31641ce401fee7802d7df
data/matching/production_cpps_matches.tsv	5947151	9cea5814dfef0da1bd7e109babb9f6ded4c4ea30aca90b80390e49ce175466ec
data/matching/production_cpps_matching_gates.tsv	1343	cb07b0fd250f5633b2527d12d046004bc5915f1a100fe8d9858a13730de5c666
data/matching/production_flatness_matches.tsv	27326184	1999d031554315c2a022bd4ec20fe79b64cb46652fdffb8c893aa282a4453c8b
data/matching/production_short_frame_matches.tsv	40450674	c8fa2d8a82af83ba16d70095a3bbc4967d7b3991a47c9cd7001cfa93f01051e5
data/results/inference/average_specificity.tsv	15758	734947469cb3564526f7fe5ea83f72b7042d6434770a628dcde3c447f6e0c865
data/results/inference/average_specificity_CR2_sensitivity.tsv	27	138e1a0ed4a9e2dbcd10d7027d5fcab384e7e4b79899d21bb38e7c12b75935c7
data/results/inference/covariance_sensitivity_classification_comparison.tsv	9514	ce4b2b4c652519c1b2f918c5d7fe30858834b8ec7f535998e78fe5b948f6b731
data/results/inference/joint_shape_specificity.tsv	5427	0353a5da1f5916e00e61f8f880125f65779fbf1328e9502f7d50fad52cb5da1f
data/results/inference/joint_shape_specificity_CR2_sensitivity.tsv	27	138e1a0ed4a9e2dbcd10d7027d5fcab384e7e4b79899d21bb38e7c12b75935c7
data/results/inference/model_acceptance_gates.tsv	14592	023d268c6d105f79010a04a7a309ff825739e60b7d6920d181040eabb1aecce2
data/results/inference/time_resolved_specificity.tsv	153852	12e028a9395e9aaa3246237b9fa71c375fb00a354dde3cac026cba75a58f85cb
data/results/inference/time_resolved_specificity_CR2_sensitivity.tsv	44	4d6033e31775655446e9fc568875eef255785cdb9ae3f23f1afc45d2d821b938
data/results/meta_analysis/average_specificity_REML.tsv	6269	074472eaec318f4dd6bb4a2f0eb45d626393bd9c884fef72ef854cc5b52e6406
data/results/meta_analysis/between_system_Psi.tsv	3508	876db927e3e7d95838ed4255d4a2f6dbb3a273d106d6d4882b2208d359cecff8
data/results/meta_analysis/multivariate_REML_model_gates.tsv	1258	7bff6add53206cd475f708961c278228dd086e9c61b9dc90bb5888bba8d696f4
data/results/meta_analysis/multivariate_heterogeneity.tsv	2226	279f45c318c7ced9da96dd1c29a10b490882308a12f96d9d248493b9f6a6aba9
data/results/meta_analysis/projected_specificity_trajectories_and_prediction_intervals.tsv	26340	460ce5c719045ba47e914bbd7ecda43694c3de6cbcd7743a767964eadf0323ef
data/results/model_diagnostics/A01_centroid_random_hierarchy.tsv	338	451380a4b51bf9fcbdf5678f2fd30c3f0c3850479ab82dced74a2a83efc711df
data/results/model_diagnostics/A01_cpps_random_hierarchy.tsv	537	e5b1722ad14c1745ada39fef865af92c91ca578b2dfbf21f12e860971bd7bdb7
data/results/model_diagnostics/A01_energy_random_hierarchy.tsv	532	70524ef3aa84b142f74120e49ceae98dac532836a50e1166ae460fae93534b27
data/results/model_diagnostics/A01_flatness_random_hierarchy.tsv	539	bce5ef521616c6fa5359d3121fe3f2721842791a279caa69750e04228fcf598b
data/results/model_diagnostics/A01_flux_random_hierarchy.tsv	347	7884c84c1ca40f06eb983fba9e70d8ad35ad64e49a3312cf9f7418c0f38ff8e3
data/results/model_diagnostics/A01_tilt_random_hierarchy.tsv	529	ade1113c2bf1cfa2b15aa7842ad46b8d0c5406f4d04f34edf52fa1ae752a637f
data/results/model_diagnostics/A02_centroid_random_hierarchy.tsv	345	b905b72ed1e543b0ced9836d9477cb2ea196b40d46fb74b3b2e539cd7977d889
data/results/model_diagnostics/A02_cpps_random_hierarchy.tsv	353	77f8096462dbcf9f25683ddf1f1602a2e8d9e620aba67d292936ef61b52f4373
data/results/model_diagnostics/A02_energy_random_hierarchy.tsv	529	4352e53bf2d427dcc42fbaff712a482f69e79758d0a79602999f9d5751825956
data/results/model_diagnostics/A02_flatness_random_hierarchy.tsv	538	e7842d72f43735b10b04abb083b1862e9815ffced41d8d35dd4d0c5eb381d0bc
data/results/model_diagnostics/A02_flux_random_hierarchy.tsv	529	d3baf4526f5d2bb0abf3c170e63a241b578157a313a2bb0ac7eac9be6293c8b4
data/results/model_diagnostics/A02_tilt_random_hierarchy.tsv	529	c7fbc3c98ba9346f3d6a69953f20bf714dd6838de666cd7fa5f3fc547c78a8d4
data/results/model_diagnostics/A03_centroid_random_hierarchy.tsv	345	b3c1ae7e8ab18f945f6c9a74d59d9301c77b89b03f177b2426ddd9e7e4f6b16b
data/results/model_diagnostics/A03_cpps_random_hierarchy.tsv	341	bd34388d00219aabb54e0224784c32394e235effcdd2e13b9d27cbe0b6161b87
data/results/model_diagnostics/A03_energy_random_hierarchy.tsv	341	d33b26cc5f6cf1f720c2daf9d890fc8cad3ef58576921d4563d3caa0e786e67c
data/results/model_diagnostics/A03_flatness_random_hierarchy.tsv	540	10ef84d09e1844895618a9b23004b52240fecc8ea7e0799ef9e2e97b2c43068a
data/results/model_diagnostics/A03_flux_random_hierarchy.tsv	341	7b016c822c64c95f881200f598be31072ceb066d7e15be65188c4a9ed67a66e4
data/results/model_diagnostics/A03_tilt_random_hierarchy.tsv	529	7e4754a9a897dc8b2812e0229113547f3127c1d8f6b81724853cd74a9b411117
data/results/model_diagnostics/A04_centroid_random_hierarchy.tsv	341	201096a91fd015c87fe2915039e86be3d11605725150a5a68e5ee5677245a4e9
data/results/model_diagnostics/A04_cpps_random_hierarchy.tsv	336	927debb3c25fad8dde5596df93a500c532438c029ce7c7d9817fcdb0d6550f29
data/results/model_diagnostics/A04_energy_random_hierarchy.tsv	341	4e280de4590dc39449f7a12c965f1abc97206889693e10039fc6b8cdb21c7091
data/results/model_diagnostics/A04_flatness_random_hierarchy.tsv	536	34385f3faf7633c0734e2bf20553b8662fa94a5ab6bdf10e90ce7bae13066fbe
data/results/model_diagnostics/A04_flux_random_hierarchy.tsv	341	91560d5b272df368bd52ee8a33d64a09f796893cbab64baf8424e43e435dcec8
data/results/model_diagnostics/A04_tilt_random_hierarchy.tsv	337	805688384936b53cdbfe2debede7f2ce353f79e8e29d5c647bc25f42055a10aa
data/results/model_diagnostics/A07_centroid_random_hierarchy.tsv	341	479710d5e9f6d324e7f8b4c91b1063188a17ccb71c4f72bcd7dba7aa12b0dc7e
data/results/model_diagnostics/A07_cpps_random_hierarchy.tsv	339	ecac528f8760573bdac88a3a5426e0d0c4a9a3d645591ba533063ff67dfafc54
data/results/model_diagnostics/A07_energy_random_hierarchy.tsv	341	78ebb323a8fc2d02af6370e49b18862b4f8ffb26dfb6bf2fc9bfcc5303461840
data/results/model_diagnostics/A07_flatness_random_hierarchy.tsv	341	c73eff2109efcade1da90eb8b2fdd3cdd85cb2755058b4169df31373013e33b2
data/results/model_diagnostics/A07_flux_random_hierarchy.tsv	353	7f124e5510a1ffaf97c23a8ab5c9d90b8432d030bec88a96fe2f4835d76dbe31
data/results/model_diagnostics/A07_tilt_random_hierarchy.tsv	341	026727344965fbd0d00bd147177caff18dfb7bf161f74d70a288bb1dab8e6dfc
data/results/model_diagnostics/A08_centroid_random_hierarchy.tsv	345	81edd3b1e5dac569c8f11febee6bd7054556fd53eb6c78a3aa8826df3f2a7baf
data/results/model_diagnostics/A08_cpps_random_hierarchy.tsv	522	88055b2f19e3b51fcf8ab8f231aa7a6ca61feb4991368d14b207843bf9cce4ca
data/results/model_diagnostics/A08_energy_random_hierarchy.tsv	529	ad2fdb762946975da99c40afcc60cfabd3e7e20efbf6fdadef6adf99cc0ae0ba
data/results/model_diagnostics/A08_flatness_random_hierarchy.tsv	540	0a6a41117aeef1596d851855121919132cd4123a4aa22095e82dfc47d2ddfb2c
data/results/model_diagnostics/A08_flux_random_hierarchy.tsv	341	b114a3b11f4bf05549e181a4b53f43b8e155f12621b935d38ae61e015f8a29e6
data/results/model_diagnostics/A08_tilt_random_hierarchy.tsv	351	360f481900811c7c968d2a4a67f607f177c127e8f0102767aac85c4aa8db148d
data/results/model_diagnostics/A09_centroid_random_hierarchy.tsv	527	7ca0674b292218aea470626fd8e93eca5f725744d3a44fc0402074b7f15031ef
data/results/model_diagnostics/A09_cpps_random_hierarchy.tsv	341	72bfe70934db10257dadc620fa3a9637126cba7bd9b73bac0b4d586d4dba8609
data/results/model_diagnostics/A09_energy_random_hierarchy.tsv	537	85a7b0fcc3cbcb4ee267718865eb43c6974b5de999aa4a91747cccdc55cabe6c
data/results/model_diagnostics/A09_flatness_random_hierarchy.tsv	527	49620b3dcadfb75f92d670f6abb01b82e7af68a0e954e73d9ec66563766aab61
data/results/model_diagnostics/A09_flux_random_hierarchy.tsv	341	396c1ef28b68afaeff5fecd5f1c97b2f5ebda90599cae245498d7b9bea0a41f0
data/results/model_diagnostics/A09_tilt_random_hierarchy.tsv	537	761f16483a8a96a630832e99afb8887f05234bba50c260cc87001b6bb6b44787
data/results/model_diagnostics/A10_centroid_random_hierarchy.tsv	341	26e31e22abc4a80f04b432d5f05a0ae3ead2cd7e8802d7bb4a3429e46a1fca9f
data/results/model_diagnostics/A10_cpps_random_hierarchy.tsv	520	619134efbfb9a04030caab472ee4da2a7b25ad82580666ffdae96c6364eb6d84
data/results/model_diagnostics/A10_energy_random_hierarchy.tsv	341	fb9de6bd4680f707be2966d3661e5bd52095999d18b2a48ce5a3733c0d1caf74
data/results/model_diagnostics/A10_flatness_random_hierarchy.tsv	341	75af1ae3555434e498dfa93fab857f946f4fedaa5f3e1a313e2e259435ba9507
data/results/model_diagnostics/A10_flux_random_hierarchy.tsv	339	a7d50c8d5464c5fa13777ff408f1295718810e9e477f5bca3b6a6aa8d6fb9a2b
data/results/model_diagnostics/A10_tilt_random_hierarchy.tsv	341	b1397dcbba5006691a89628a75d85840a104e885a6bf6f64606bd6475a6dc778
data/results/model_diagnostics/A11_centroid_random_hierarchy.tsv	339	2d10fc3abae015173a22c43392889225429262bfedf9cbed234faf1370477b4a
data/results/model_diagnostics/A11_cpps_random_hierarchy.tsv	353	e9b64c6601fa0a185fe2eefff217d1e9018bd76d11e4cc9c6473527dfc5ec78d
data/results/model_diagnostics/A11_energy_random_hierarchy.tsv	337	999a6ff865768b7003406011bddd884ec2fcd4796044d98d204f7ac281e9b061
data/results/model_diagnostics/A11_flatness_random_hierarchy.tsv	341	bf8c9358c31ba704242f6be18e4c57298867dd4b8e1df1f3492b2a69fd460b8b
data/results/model_diagnostics/A11_flux_random_hierarchy.tsv	341	1d31085e1c423ff1b5d25b00ae65d83a0e4f411a58dbdf1f17ce917df4e38d09
data/results/model_diagnostics/A11_tilt_random_hierarchy.tsv	341	5dbe60b8c24fd8474930065bbff003106035eaf2b5e5e3de728bf5d7e794d616
data/results/model_diagnostics/A12_centroid_random_hierarchy.tsv	341	76bd69aa34f2f551f5256d368f60467b05e377db23b8e21dd6a76a359386c16b
data/results/model_diagnostics/A12_cpps_random_hierarchy.tsv	337	b8e46c3b866b0542e13040dabf737880b9db243eebc6416f5d9ce5cea1e9ca5a
data/results/model_diagnostics/A12_energy_random_hierarchy.tsv	341	aaab514541d108a520d6049c58c4f812be6f16f5fc784d6bb7adc5d5feeacc6a
data/results/model_diagnostics/A12_flatness_random_hierarchy.tsv	340	548d8aee8270789ab1d7f8d6d22de9ea6540930e5454fcde7ff63c8238b756c9
data/results/model_diagnostics/A12_flux_random_hierarchy.tsv	341	1539e0bf36368fec0526f1b79da1842cdf2b3778fb017a7ac92166ac5e9ccd73
data/results/model_diagnostics/A12_tilt_random_hierarchy.tsv	341	0744c70b4236e1abb19ee44d7a86eed3e4ce35c08381b929d45c33cbfe4ea735
data/results/quality_gates.tsv	2640	354d7453a43628775edabb016148561ab96ccaf0cbcb6b92a987836f69d67e05
data/results/rq1/MODEL_INDEX.tsv	12883	8542e01dbc3d04375f4fa2e20b35c85b5d1b4750135eb0ea5e8cbc3df237bc3c
data/results/rq1/average_authenticity.tsv	28014	f845088ed195598f31f85abe49afcdfae8d6c5c5d0a919fd94138118ab3eee09
data/results/rq1/exact_phone_pair_invariance.tsv	2690	2a0f855275abb8d2ca4202bef724657f7bcdc0a270d9d345baa50157c8ff028e
data/results/rq1/feature_region_summary.tsv	1649	4afa125c51eb7a02c4992b5ab98cae2e89e16bcb42def959327be49fc2b357bd
data/results/rq1/reconstruction_validation.tsv	124772	fda2b9ae295eaf946dea8824c10b8f23b17d5551d36d143729b57c9f04c4461f
data/results/rq1/system_feature_summary.tsv	7405	6bb229ffc6318b97ba192a98dead71e1aecfa46b702087aadcdf6b6e08885afc
data/results/rq1/time_resolved_authenticity.tsv	277863	79583abc0a49f83234e6849ae68f13a49ddd75e320ba53e25aae9e2c51bd1030
data/results/rq1/trajectory_tests.tsv	34629	f2018fa094d148fc03875809c4dbf68e616efa42b918e5a3d1457d709d22d266
data/results/tables/table1.tsv	550	973d4ae036e68db62f2eba5b707d3d288de0b52175db77ec100d3189f71ba79a
data/results/tables/table2.tsv	596	d5b81d41c2269a12948d82c7dc1e9040a807a65dbcd7972f00984830b64aaef0
data/results/tables/table3.tsv	160	d74c7f254956c323c18625b22ee91807e327cba9b1c08d181a3ad1865d1ec7d4
data/results/tables/table4.tsv	931	885428ee29dce63777ee63f5e248ac03f1413c88f1f87439d30689dd05d1f865
data/results/tables/table_s1_matching_balance.tsv	2460	74eb8856d3bd5b03c490085042bd132f733a6300acfd3981de2a0034d909fa90
data/results/tables/table_s2_random_structure.tsv	1563	838b111bccaf0f2495bfe777ef0a032fa9ab8f35d9ca3904cfb68c9e1765407d
data/textgrids/textgrid_manifest.tsv	4708032	6bd16e265abb262659dd4cf75b61f53935989a4d980b6eeaccf244185af7f8a8
data/textgrids/v7_textgrids.zip	30761357	e141409e4c943e08d8751dd6741bdcc17c7a85844faa5ac783e90e735f32b83f
data/trajectories/interior_features_00000.parquet	4996837	8d62c187ba3156fbaf9691ad1aa20baf3e6a6db7676914d1b92266fea9a3ee60
data/trajectories/interior_features_00001.parquet	4754955	f4d1f99d9be8ac4ba9ae552a367c01f629b306ad467561cb23493df6a912dbc4
data/trajectories/interior_features_00002.parquet	5207491	e99f959c2ff7151e8623287c96b30bb97680ff08917d689e08ec8a43ab11f647
data/trajectories/interior_features_00003.parquet	4570864	af3c5cd6ff8f4018e44ef3cb70275b475003bd0836afacc20b5da4c938a6197f
data/trajectories/interior_features_00004.parquet	4984342	1f67212aedb8120cd5b3685d0f510fab94cf40630a1c8faa3118614d03592f19
data/trajectories/interior_features_00005.parquet	4638310	0608918c4cc7aa292adfc2a44fbaac2543f3af71fdeb7c9a220d54a4f5f8f9d6
data/trajectories/interior_features_00006.parquet	4953211	c0e57c2b38bce71d3d5effbec12c27114d40e10228961b71fd82eab7b966a07b
data/trajectories/interior_features_00007.parquet	4843353	7ba427ebe92002848a43a328b505764a67fa6eb26381a496948a85532d192d89
data/trajectories/interior_features_00008.parquet	4821436	89aa51a7e744300c9d68b9031bb0d78f475bb8ac15134659f6966b786ebfcbb9
data/trajectories/interior_features_00009.parquet	4795415	c8b158b7c3f4950d32b85e45b2109b527a71c4c3cca30472077a312bd44f6a79
data/trajectories/interior_features_00010.parquet	4946720	fe80e74048598bd4302f5c8574765a8fce8c9e1d81645111c7d30d90b83169de
data/trajectories/interior_features_00011.parquet	4921757	a30afdc4d7b13f51a6aec5080c9171cb57ab1d7abbad8ba830238089b9c7e708
data/trajectories/interior_features_00012.parquet	5290673	bd5b8f181a92f5d534797423aa9ce85256ba09f76898cebbb32ca87c6b873ca6
data/trajectories/interior_features_00013.parquet	4964863	33b8811d16f0f9b27d65b5b6a68a49f4d4f07026c94169a75b7463d73dafda37
data/trajectories/interior_features_00014.parquet	4981023	e1e50669b432696f8f3876ecaa6d036f065c0f2346d89e0bc04e5805a18552b8
data/trajectories/interior_features_00015.parquet	4993677	0fc231421b49e202044a680e0d59b1c800b1332a1c3bbdac2b53cbc48659d1c2
data/trajectories/interior_features_00016.parquet	4573264	cd569ea5617f902bd28196c98c168392f911e2aecfe99cf1adbcb15a0ce81a28
data/trajectories/interior_features_00017.parquet	4647878	0b6a9685634e86b1c04656d61fe1672af4ed85be467eae618991bedc593c07d1
data/trajectories/interior_features_00018.parquet	4915803	60e315cb7a6d1efe1efdd881523b9dd72ede911b7953538a0c0c3d1b858da8e9
data/trajectories/interior_features_00019.parquet	4920311	d7000eaff96b76c63ae2514197a94fe2235744ab06c89ee8c513da90a944ffa7
data/trajectories/interior_features_00020.parquet	4896149	399ba6f9f55fff363a4577ba923d4d34c4144ad2b9a837fb5404bdef60fd3728
data/trajectories/interior_features_00021.parquet	4792013	40660f5f18718850e6f0a63a6742e9e07b5b93d577d4130ebeb485163b57edae
data/trajectories/interior_features_00022.parquet	5105629	1964b7c53a5cfbee31d135423bc8ea01d7149ba1cfc5f829959c9fdb71629d4c
data/trajectories/interior_features_00023.parquet	4850191	307f7b0cfa914f1ade37cdd9d37564bb3dc60a8e5714e1d0c4826e3cfbf2abe4
data/trajectories/interior_features_00024.parquet	4852127	42dce89882d47da74e02169f8d1f8f15d4e68a64358860db43636093f152033b
data/trajectories/interior_features_00025.parquet	4960741	ac6385b87bf0aa987d11e9e0b408eeb2894619dd19022fab5801d3d0d58dead9
data/trajectories/interior_features_00026.parquet	5076489	bd0cfb95134ee08b06eb66469388911236e9f385b87f060a0a6666ae8ae99a99
data/trajectories/interior_features_00027.parquet	4865979	f6295d9f5a13f1c53e6172824109855982928b2312249bda663bb8fb47ea3d35
data/trajectories/interior_features_00028.parquet	4840811	5bd1434140803b7dfee41d19eb6e344757b7b8f0a9f78adf8c728d15c4a2e8df
data/trajectories/interior_features_00029.parquet	4837607	06ccb56436168578462f6be04d2ab4a61bcb07caf9f5148a5cf5282963139ad3
data/trajectories/interior_features_00030.parquet	4894360	5f0bfeddc45c1f6993fd5907562a5b7f76f5bcab85ae3cf9647a5355f51c2533
data/trajectories/interior_features_00031.parquet	4885651	c017141826de057fc11e1d5565db13372a216448a4e4713e9943caf6dd1feacb
data/trajectories/interior_features_00032.parquet	5011930	a3d241bcf66fcc8fb89b48dedccbfd311fe978c2f35bdc9e13f8c7cd0795f233
data/trajectories/interior_features_00033.parquet	4767159	826e7fcb7b69e12c22c5abdd344b9b6880c58d4dcb165911dd337369b8cb5a95
data/trajectories/interior_features_00034.parquet	4849911	85aabc20e4013dc14d2bd51d6bf9878347e25c5d6b44ec2b15226dda5363c87e
data/trajectories/interior_features_00035.parquet	5127350	808d5d8b5b296a9c046a6608270c284fbcd72addeeb296c60f2be871e075d7b0
data/trajectories/interior_features_00036.parquet	4806735	cc90ab803131b57bdbbac22dc19588acf7eef9dc65bba12b9774f11e94516fec
data/trajectories/interior_features_00037.parquet	4763022	413132f513bd6caf06d65e300f9ed28026867ecdbdbe7294bbf4d7e26dd2069d
data/trajectories/interior_features_00038.parquet	4966421	a94c4568144302e62e460185f8f77b68439730475dd9de02d13a23123a2ab12e
data/trajectories/interior_features_00039.parquet	4938488	4cf99215cafd029fa11f865cb927e81dd8a51ebc559e06da3af355e5c0f6d197
data/trajectories/interior_features_00040.parquet	4999064	472bd26ecacc84a04b8a931b9ed0efd89f984c9e98405c2c41ea0d138b0aa509
data/trajectories/interior_features_00041.parquet	5020671	539e560a9aeed58792b800353db8bfeb7d8136c8866b1f3008e2a2087c89757c
data/trajectories/interior_features_00042.parquet	5071759	de6edf37993c51c8a483bfc19496c70c139b0d2eaa21684d2ede8c1ec4355abf
data/trajectories/interior_features_00043.parquet	4857523	f8eaea9b09678cb38e26c1206c4616dede8f189e83bfef09d77b224d9fff23a0
data/trajectories/interior_features_00044.parquet	5161010	b951bc77788eed6d724735ce0cd81a1cd3244d4deed8d8c0ddfe6bf5f1f7fa24
data/trajectories/interior_features_00045.parquet	5080330	31db4162a15c692189087b55cca2db8e727ae00c797d4bd588b987688f33b723
data/trajectories/interior_features_00046.parquet	4819332	2c35dc14f09c5521b250aa23716f890ffcc163b1ab325e35611e3c31e337bfbb
data/trajectories/interior_features_00047.parquet	4829600	3a2abca44bc8a9b04251160a37fb4c4063d1f1ba181f263b1d28e88a10f676ef
data/trajectories/interior_features_00048.parquet	4838269	ac4e32e1ab867078c63b0ee8355227690591af3eee1dfabd471f4c2bca47fbc7
data/trajectories/interior_features_00049.parquet	4734671	065fb47b7a598a82b4cb9794afcaabbf385ad3691ae1ac22b4db2d6095aea640
data/trajectories/interior_features_00050.parquet	4800324	180410516c18fba3549e0b07cfbd4c34587bbaadff0082ef30e865617d81ff04
data/trajectories/interior_features_00051.parquet	4795454	2618e38f09634c4ce0f2e943d05fc68764c45bb9f163e5c7c8b7c35c90e0cd04
data/trajectories/interior_features_00052.parquet	4897357	a4617a0bc41ca104ed009022fa35bb2b6179f366500964d6595e49b5a816dd4f
data/trajectories/interior_features_00053.parquet	4574215	bbb319791a497af4a0fd902a605ab2e04024f40f387409ed1ab0fd4252d83122
data/trajectories/interior_features_00054.parquet	5256883	e88ec84bc15ffe01394ad90e57bdeb069f229bc7d28c5e852d31ccc6e392f406
data/trajectories/interior_features_00055.parquet	4908544	2c72d0e2ad37e127fa889c5dbae032d65bda7fee9a912669c0279a7ab5981ea4
data/trajectories/interior_features_00056.parquet	4863201	bb22bd5a7cde7fbcc3a0125023f890d49dc71ca6d93bab55ac3d368213cb5d34
data/trajectories/interior_features_00057.parquet	5190346	e22b94c13e2cfa089f07df1807db9520d995c0e6b6e706c98e8f20d02ec7c757
data/trajectories/interior_features_00058.parquet	4947780	ed0fa8d81fe47471a95298209b9d4f2e77e0db2695a2238871e4104f6341fab4
data/trajectories/interior_features_00059.parquet	4958141	6d13a9091776d1046ebb54702fa31988b23e179b86d7911676c0c1dc72cc3db1
data/trajectories/interior_features_00060.parquet	5019929	fc711c92f452a46d8df5c0ae321b9fdff8a7ed2f0f8ff60569b732fb6591b46e
data/trajectories/interior_features_00061.parquet	5038238	35fffdd9e16fb14fb2e1a0761b66d2a96fb959a654d0717a9314d7a198adbc50
data/trajectories/interior_features_00062.parquet	4735988	dd128c090df7801c4d0a612bb446056cbcad260866a06314eb5a0ceab161af84
data/trajectories/interior_features_00063.parquet	4940986	53efd14580a8dabe830114a0a63ea2444a259800a87f00b23c914a776d85a2b5
data/trajectories/interior_features_00064.parquet	4775735	b095b9fff9ea7e2d5cc1283be9046c8635553247b348f2c49fbe90a92ae93dd0
data/trajectories/interior_features_00065.parquet	5136228	0f94c46c69662b00944dfb9e1ad6420c642b98df8a7811598829787f04a7b382
data/trajectories/interior_features_00066.parquet	5172118	5646c53f36035e405d12adefe5c9ce70a8b9cc0f3ee6bb6f0142c4d2679e1586
data/trajectories/interior_features_00067.parquet	4998468	53cf29a4b471bddba20051614151617fb6ebd81ba40e3ec3b2ec4996a0e66e8d
data/trajectories/interior_features_00068.parquet	4956206	6ab956e638abf0421820e7aad209e442cc951b5eef3c84ac6840b68d3c74635e
data/trajectories/interior_features_00069.parquet	5036086	b634062ba0b55a591bab41a7cd9799f79e5edad52a83f50723f5c35bbcc569a6
data/trajectories/interior_features_00070.parquet	5296500	1dd2c4daf96768bdec4cade50c83bab0155a01af074392aef9650ec220376ae3
data/trajectories/interior_features_00071.parquet	4812912	fec4f077efa98ec2d65c8463bae3fac3224ca5cd4d5aed837c7eba1744f4208c
data/trajectories/interior_features_00072.parquet	4576007	9bcd1d8ae9cf8d97b84f301ce4f2ebf60aa5f5df450ab3a0b073ed3369ed9932
data/trajectories/interior_features_00073.parquet	4993043	6779cd7e529808085d61da4f62874c8a83f27e50253bd4bcdb85486e02515b1f
data/trajectories/interior_features_00074.parquet	5205315	9ed49f4023e89af9c85bf1cfaeac57c57816b4b25743f0bc75da848633ad7086
data/trajectories/interior_features_00075.parquet	4817662	4fec4b6913ff9252bed40917cd16ce434238336cdd25c7adfb83c16d2724b16c
data/trajectories/interior_features_00076.parquet	5293322	4c17252ec3fbf539f0a9828945883e1892accff4b297334f99b55366a77ce9db
data/trajectories/interior_features_00077.parquet	5023732	97dca622c25379009331b974ffefe75641f800a0e5d6dc8e660cb73efcb36b73
data/trajectories/interior_features_00078.parquet	4758302	dd3f25edf486964514b242e299978006b416a67d60dbe2543e473083ec9d9a8d
data/trajectories/interior_features_00079.parquet	4865886	e520b69b2206e8a0f29e2d41510b82ad624ffa63b0edd8e6596c977e780ef2a2
data/trajectories/interior_features_00080.parquet	4763743	7c1a76a344144f65296a4edae84ed61dd61b1fca213fb54ea22a126963dac63d
data/trajectories/interior_features_00081.parquet	4994138	69beccb62ea1a721ccb8784fb1b04a5f551cd04c5da2b02e0a204835ad23d105
data/trajectories/interior_features_00082.parquet	4879149	e50afd0de278b868d58f401481a9d925ad30b1bed912732955aba6f24cfa7fe8
data/trajectories/interior_features_00083.parquet	5270972	a7ec860803f2af87e471f6fd95a14903ae8ebcde0064336cb31b38101471c26d
data/trajectories/interior_features_00084.parquet	5091083	51251a8db1b5f958863312dc6b1908322063eec200084e6c3387b62acfe948e4
data/trajectories/interior_features_00085.parquet	4804914	48772a263eae792de777ef00a4086b5ce2a8bbbd713aab27719933d2af8754c2
data/trajectories/interior_features_00086.parquet	4628940	3712eebc98fd9eb28c860be148807063cb043668898ad2bbe87432a0d353f537
data/trajectories/interior_features_00087.parquet	4856853	4d4e98ac63b916e36394e20f0dd4d6b07a417389580e3726d970d001d98a4a8c
data/trajectories/interior_features_00088.parquet	4439556	38f731838e61b8c349c4d61656b733f2849883f2dc0ddad2468fb61e7da3e16e
data/trajectories/interior_features_00089.parquet	4806123	05be853fa50c7bbc81597950b4bd2dd8d8e728413ec069cc6c2770198110ece9
data/trajectories/interior_features_00090.parquet	4364673	e6ae407bc6609e5c63a84d6e6240bfd59c51b494bb6f033be82fddafe6dd38eb
data/trajectories/interior_features_00091.parquet	4559614	38f0290ec3147ada84ec04a6090db38661a484f68b230539419bdd7cf2ea33d4
data/trajectories/interior_features_00092.parquet	4584178	4581fb4e53618241f389c0765f45ebd20c0d50949fc6987dae97c5bba13d0252
data/trajectories/interior_features_00093.parquet	4481961	0073df1d79cde97e9545a8d44780ae35d7c7cd77cd34aff7a65bf4ff09b93531
data/trajectories/interior_features_00094.parquet	4319725	1e44d424548851497dcaf68c0fc627cbda7f54ba4bd77f3afdab66a02284098b
data/trajectories/interior_features_00095.parquet	4533426	13d36b3b70363563f9baca5879366c434d373be8d181326108f9316d98636942
data/trajectories/interior_features_00096.parquet	4401852	be890e32adf29a0735d2539c71c8759b0abf69f63991ce11d9c172885f797003
data/trajectories/interior_features_00097.parquet	4469829	645b0c2556ad5c066e210d295be8e78d01cf89a3b0967cde9751f53757f0729a
data/trajectories/interior_features_00098.parquet	4395169	7300796880fa4ff754049d7f018adb2838d19e648ddc6a89e2a196a510ec6c68
data/trajectories/interior_features_00099.parquet	4344592	28917d341d059e969477466cb376935ddb9cc8fe21ec5a5386484dba985a67a7
data/trajectories/interior_features_00100.parquet	4527537	659dae3fcb95e11792fe1500a54f042585a75e03e2290cbd1e9fe39c2c507031
data/trajectories/interior_features_00101.parquet	4379363	345e55fb4396461896793416f7e6ec23622209e59bee88e96fa58e8a305b7ce0
data/trajectories/interior_features_00102.parquet	4519937	1579fb534da816f64bd742a99aa871669bd16b5c06a5e7ceb1097c4764642ad3
data/trajectories/interior_features_00103.parquet	4766440	3f1469acc59c5d30b58658eca33ae6887d887079f3e3395f7b9382e8fc3e9fb7
data/trajectories/interior_features_00104.parquet	4958715	d0d599fa6951d1dd747e5523445be4c713102287abe04d0fb45b98d65dc8ef78
data/trajectories/interior_features_00105.parquet	4623014	17febf3245ae493cc9e9a9c2ccb5f8ba1b0b6acf48a9d08569e5cdd498faa037
data/trajectories/interior_features_00106.parquet	4629684	b8c66504223c83bf1c633220cf2f750622fe05ff1dc1ffa7716e8000a2dfa625
data/trajectories/interior_features_00107.parquet	4844819	2eecf60294dcdc0d284e490a226f547b9190a23ceb100993a9f201c22315b6f6
data/trajectories/interior_features_00108.parquet	4645005	e56a4a8af934b84c40059a16fd14de5939030ab40a708bfb57b65259967940c0
data/trajectories/interior_features_00109.parquet	4658383	9a05f7f859b086cd7780b84cf270cc4dff44c80637194c41f04fcc1eb19e9861
data/trajectories/interior_features_00110.parquet	4379419	3195d5278fa4a3753e67e55991801a0179f923e7341b18f0b868b538f1e766e8
data/trajectories/interior_features_00111.parquet	4779604	c891690fe6f840f68cc161804ef26d19ed86ab9b5e7ad36da309ba73c7dc05bf
data/trajectories/interior_features_00112.parquet	5430133	89b2b045a7f15a14eccafb1545fe83a9d4bbf372ffa923a5ecfe87913a496f47
data/trajectories/interior_features_00113.parquet	5326855	1cc326b7affa15614a5b296f454c0d632434082d43614382fe04aee7c9dad122
data/trajectories/interior_features_00114.parquet	5521500	858838e78db1de86bd5a3c022fb158e9f76a1a75610e7dc3edbcdce005d785d5
data/trajectories/interior_features_00115.parquet	5545516	1d88b3be0d4f5860d79208d5cc4d8d8cd343378d2ff97b97cf291a9cbc640a38
data/trajectories/interior_features_00116.parquet	5167195	e16b3921e689cbe69a156c051bc2669168b4e6dd23641cb8f771b8f4e47b55eb
data/trajectories/interior_features_00117.parquet	5318000	d29d4ce8525ad783f2add20687040cdcd90d5591397f5101b2eb3ac683ce7acc
data/trajectories/interior_features_00118.parquet	5471777	c5addc6ec4c1139b71ba5fa50d0208750f8f23a6a7dbe853f118a5bfbaae9c96
data/trajectories/interior_features_00119.parquet	5441322	6c1c4372f2fa49288cadd6b9c202f8971170d2d5c632e1d013439d0366b22a21
data/trajectories/interior_features_00120.parquet	5546455	e46a6f20bef09f84ad384d5df8f72427b389003d30cf818f71a0a09939ed8f4e
data/trajectories/interior_features_00121.parquet	5451912	33c2221392171e755fc75e10545ff94e01fa906e61095bc716c585eb8e3935ba
data/trajectories/interior_features_00122.parquet	5413313	8bc2487e202859befc7c62cde6b1ea183bbd0d4708fcd4241e77e9a48de7fee7
data/trajectories/interior_features_00123.parquet	5878524	eb18909266eb294f0f1f63ca5dabbaf412248c7cc4586f6067d5e0cc3252ccce
data/trajectories/interior_features_00124.parquet	5360847	60e174f6dd9991e2e8939273011d90de4618d0ca1384d9b1fd46208debe1a844
data/trajectories/interior_features_00125.parquet	5543083	f0ad5d39e194f8931925b4d9d1cc24f8ca29037a0c429ba15e06e15e0fe3479f
data/trajectories/interior_features_00126.parquet	5488747	f91fa184b1b967b900cd579935769f80f2c6b8247b743c6d7c43951a8d4610f4
data/trajectories/interior_features_00127.parquet	5302986	7720fa92cf9f6fcfd35382da087882dbda7434f9683aa4821ea8aea1d17bd94b
data/trajectories/interior_features_00128.parquet	5533911	76e17ad4b0e0f158508e013642333390568be3a2f135fdb379f424ca69e74fd6
data/trajectories/interior_features_00129.parquet	5598594	c6dbd1f81d3e98238f4f8731c1a2934c93bf79d415594dd07b8209e483e84e82
data/trajectories/interior_features_00130.parquet	4991238	19f5e2eec8bf0a302ac1c63523704f3e56b0680354e92f8f957b12ef8b156e4a
data/trajectories/interior_features_00131.parquet	5831535	824c3abbca5604095a06c831b457b7ba64b714b5c976f1c600a27262283b408e
data/trajectories/interior_features_00132.parquet	5875318	1da4cc3e1a9b8e4a6b4dc69e349ae47ac3a7d85fec9323e23e7085f4ca5cdc43
data/trajectories/interior_features_00133.parquet	5643432	321f290ab59540bf97d3125bba4424410a6404775069f63679c3b0af36666b3b
data/trajectories/interior_features_00134.parquet	5484663	285fa775a58d774779931bf4510b8dc1f72011c79e7d4d0e63cfb8c508362a51
data/trajectories/interior_features_00135.parquet	5614688	084d64f9850d2b60428bcb48c87372e93876f1e49b2ad951fe52824e45d7d762
data/trajectories/interior_features_00136.parquet	5728579	90c0e90be764f8b42626dd3436757e0af2f439fa0c03f94ee80d9bb557326f5a
data/trajectories/interior_features_00137.parquet	5420346	61eeab796aaff9298e7de694c16673a3958e0124c48c52ecaa5c0af6e65f129c
data/trajectories/interior_features_00138.parquet	5454541	a63e0d1055c744a355921f0ff1d7d997f35ef91c9f72c048810965d571a4f509
data/trajectories/interior_features_00139.parquet	5549152	6ee09f21412e9082ed60379aacb8bbbf046128000532994c86b68f2b07ddc316
data/trajectories/interior_features_00140.parquet	5342610	846f867ff312f6324b905c18438b82bf830e5ab45d36e295623f3a8e761ea996
data/trajectories/interior_features_00141.parquet	5512579	e36eac0449b28f2dbc6285176af00f26be733e1b1bb2f32f22729962d8e7dcc0
data/trajectories/interior_features_00142.parquet	5598028	6596045254120421f7d864d858b5b7c712f89936c1feb50cb6fac306859e2587
data/trajectories/interior_features_00143.parquet	5546698	95e2759264aff1335c7a803fca2a9bc80948f8fcf746086bfcf8722597603a77
data/trajectories/interior_features_00144.parquet	5261325	51807ac45dd7a0c754a53de70fc1c9c3a546ba3aaef6dcc388d9caebbe1a3438
data/trajectories/interior_features_00145.parquet	2290828	e176e43e9f9855f53da1598bcb227291d4c6f14e1adf1431d842ec4ce89ccf75
data/utterances/v7_included_utterances.tsv	1086171	7464295aee1e1f8e9aa99b5f4c1dd1d56751db51403e14dffa284afac215963b
data/utterances/v7_known_excluded_utterances.tsv	554496	ba2d36c791ba56894e248a0582ddc4d85ca7fe5f11780df7ee40754f9d6e04a9
data/utterances/v7_transcripts.tsv	3011298	cda004edf35052aac2ee361869a687bbb13213d355dc5d6da59ff19569a986f4
data/validity/cpps_exclusions/cpps_validity_exclusions_00000.tsv	811086	1a5c74a23e29bdeb3187de3e88048dfbf6e6ac03921c4d67cfb35e88df761756
data/validity/cpps_exclusions/cpps_validity_exclusions_00001.tsv	752602	e3b8e81ea95298ff9d0484245f165263bfd7694d77b2c150e0df00150cc2209d
data/validity/cpps_exclusions/cpps_validity_exclusions_00002.tsv	850804	f7ac187d439f1bb51d3c5066b427090643fd3ac7a334d630cd05d727d0a34ea5
data/validity/cpps_exclusions/cpps_validity_exclusions_00003.tsv	715764	7b3ae57c8a8a39acbe41514b82a830feb3325217de91db13f6816094c6f29e93
data/validity/cpps_exclusions/cpps_validity_exclusions_00004.tsv	794549	cb3a7ccea811100f10170c070c654653beb5a1e2064028f1935bf4b8a5a32f65
data/validity/cpps_exclusions/cpps_validity_exclusions_00005.tsv	717286	ee7177212c9157be264438cf60b7e1ac9d745204d8978943c54591cc25623905
data/validity/cpps_exclusions/cpps_validity_exclusions_00006.tsv	813121	38b8d01436411630e6f1eb7a51f0d172a5384b1575e293fb4d4428eacc9bf572
data/validity/cpps_exclusions/cpps_validity_exclusions_00007.tsv	772117	f62f5f199073325cbf9e90360587585163c3ba8c9c4e3b648905e72ed5f9f2b7
data/validity/cpps_exclusions/cpps_validity_exclusions_00008.tsv	759022	ae0a5f1c5e7477f40f67bd0c793ada06c581538cc33c4af69b39848d06a0487d
data/validity/cpps_exclusions/cpps_validity_exclusions_00009.tsv	760275	35cc5e3b1440ba0b0094989238406cc2a398f0cd07ec869c2065730c31d6ce94
data/validity/cpps_exclusions/cpps_validity_exclusions_00010.tsv	793382	3b62805ab796327dcbbe7b1706fb384dc5fd8ea6ce01e27f935df2a4752622ef
data/validity/cpps_exclusions/cpps_validity_exclusions_00011.tsv	771510	5148d304ae533d20775001d1e345e2c2b352a10947cd994daaab97332ad88f74
data/validity/cpps_exclusions/cpps_validity_exclusions_00012.tsv	866943	91aaa5114bfd52640049cc9927ba019544f4e27776fea31085cd37d58fe9fb83
data/validity/cpps_exclusions/cpps_validity_exclusions_00013.tsv	788488	0a6d59e4e7cb550d701d9ae6cead9a68cb5156a0eec0210e1bf47a9e7e5e2dce
data/validity/cpps_exclusions/cpps_validity_exclusions_00014.tsv	788250	c71de43e650cbd900a54012478215204169fb13f1f43ae117ad37c60859d7640
data/validity/cpps_exclusions/cpps_validity_exclusions_00015.tsv	817556	2c7c963e41118247808f2905e034e534601c9fc0d873cbaa9a8559560125bfa2
data/validity/cpps_exclusions/cpps_validity_exclusions_00016.tsv	734070	9983a241d2f9ce32f7a79d8360a13e64e92585d79cb2a50e04e444ccffe02662
data/validity/cpps_exclusions/cpps_validity_exclusions_00017.tsv	731792	33d1067056a3b28f29b6593642fff786c35535f488a90f5a12a6028caad0d3d9
data/validity/cpps_exclusions/cpps_validity_exclusions_00018.tsv	782413	6d3217dfe4506086658e104edf0863ae8b071fe164b12129cfb822d22336f261
data/validity/cpps_exclusions/cpps_validity_exclusions_00019.tsv	779076	469becec6b940a298ee259775237ede8992c33faf74949791a8a73fefd61ed24
data/validity/cpps_exclusions/cpps_validity_exclusions_00020.tsv	756466	7264a3486f7d5d49a61776df143832bfc7f5372dd41179994ca9c0da55bb0524
data/validity/cpps_exclusions/cpps_validity_exclusions_00021.tsv	743302	90888de5c46dadd0a15cbbc6a05350fbc55629468f59bb10f53e5b64eed45ae0
data/validity/cpps_exclusions/cpps_validity_exclusions_00022.tsv	839355	aaeacf2c672dab797f9fe015c2ee79a6e0a29fba982007edc867f8cf2b8f97ba
data/validity/cpps_exclusions/cpps_validity_exclusions_00023.tsv	783441	259d8a15b9e5984f4cffde0491c74ee5a18dd833826a5e20216920f90853eea8
data/validity/cpps_exclusions/cpps_validity_exclusions_00024.tsv	789078	09205d8872372194168b74c4902a82a04dd70c45259e8831d497ce3af35d18ca
data/validity/cpps_exclusions/cpps_validity_exclusions_00025.tsv	791408	d0f1a43186ef1be0864888bc6b2cb5b8859806adb908d4953da9602ffd6f0a54
data/validity/cpps_exclusions/cpps_validity_exclusions_00026.tsv	819215	90f8434c02ca12b9bca1293737f34cee683d1ebbd1a2281fc28e657022bbd8a5
data/validity/cpps_exclusions/cpps_validity_exclusions_00027.tsv	793533	9acf4a25076a24f32466c31a74e1e4720641232ac6bd0f42db78cf57e84da400
data/validity/cpps_exclusions/cpps_validity_exclusions_00028.tsv	769433	0bc4af74ba49d962ed5f384dce790f558ccff72b0f1a6a80d1aee8218c137b2d
data/validity/cpps_exclusions/cpps_validity_exclusions_00029.tsv	756111	f07918c84df78d16cad2de20ce2e960999b5d347c9d44828cab492250be35d8a
data/validity/cpps_exclusions/cpps_validity_exclusions_00030.tsv	757895	0b6fbfc7faaabd90f4cffe791ac22eba4135a9c2c9e8e9d7845be43b764059a7
data/validity/cpps_exclusions/cpps_validity_exclusions_00031.tsv	763092	1ac86dec28516bf73651beb1d930e6d0bac264c0879a48459d4bce11346ed630
data/validity/cpps_exclusions/cpps_validity_exclusions_00032.tsv	799921	54850d13bc57f5694b0db40f3363a850c7df33842c69541a9117ea5971e96d2f
data/validity/cpps_exclusions/cpps_validity_exclusions_00033.tsv	761285	3375c497aabb05cd31736ee4892772ca46ba9b8bd42ef4920c635e829a3cf15a
data/validity/cpps_exclusions/cpps_validity_exclusions_00034.tsv	761385	c7bdff09970b6ed348b3836626852d3bc772e15e5162b6b3a1385a463a874762
data/validity/cpps_exclusions/cpps_validity_exclusions_00035.tsv	833895	e4b5896b4258379475875c53e58e13a8ee278e3c893ccbaf172397c8d6142322
data/validity/cpps_exclusions/cpps_validity_exclusions_00036.tsv	757346	5dd2b58f7025ff39f04535a8cbbf1cc04824c963be03d469211a8f40d29ca9c7
data/validity/cpps_exclusions/cpps_validity_exclusions_00037.tsv	752697	12cae4c46d08ab74d57a8cdabb1b289faf8a1036f4a91d6d62441909ecad2519
data/validity/cpps_exclusions/cpps_validity_exclusions_00038.tsv	795756	3a96703d537f7c2019e2a813ac0b9e7785cd4d7ee977532b938b1bfcca010a0f
data/validity/cpps_exclusions/cpps_validity_exclusions_00039.tsv	792081	4777b9520730d845a749f2bf8ff6d015b91ab73820ad7c9a433ac98301c3d50f
data/validity/cpps_exclusions/cpps_validity_exclusions_00040.tsv	805795	6f27b37dd654a0bcf6134c0789c2cb5af32cff9ed405f903d2290e021aa3922c
data/validity/cpps_exclusions/cpps_validity_exclusions_00041.tsv	790829	68496b69183519eed066fd7151bfca294eff55ffded93f49d978b7e90b89bfb2
data/validity/cpps_exclusions/cpps_validity_exclusions_00042.tsv	817691	19d9ab2178c5ca71491f0c7c5003b5f2acd224b9add64d0a90948d189effb5db
data/validity/cpps_exclusions/cpps_validity_exclusions_00043.tsv	762557	c852ba03806ee04c2de6085765e955daa995fc4e3d9a0043f0dbab3170fba7c2
data/validity/cpps_exclusions/cpps_validity_exclusions_00044.tsv	840186	2b768c190e8202d296e9ff95d1e8de755754ffbb2f560b13443a4676249922e2
data/validity/cpps_exclusions/cpps_validity_exclusions_00045.tsv	810244	abbca9568cabc708040f6cd2cee4d05991917e6550df608443981df8e94eae34
data/validity/cpps_exclusions/cpps_validity_exclusions_00046.tsv	753665	5f287565a7ea99485a6d09b42e1e1e49c3f31a056309ee0e86054c659f3b33e8
data/validity/cpps_exclusions/cpps_validity_exclusions_00047.tsv	779988	36a9066daf34483771bb4d38c784ac20cf7d628470923d15bd38ea8d1cc4c21a
data/validity/cpps_exclusions/cpps_validity_exclusions_00048.tsv	755984	3601e73b15a950cfcea58b40ed5270a091d16ecc6f8c4bb37be2b79168a6273e
data/validity/cpps_exclusions/cpps_validity_exclusions_00049.tsv	749138	8688ed3b356c79d6234c08a36449f9f6951e4374870d68bd536bca9871ebd958
data/validity/cpps_exclusions/cpps_validity_exclusions_00050.tsv	764407	a1e05b6f6adce0b625f747a8888316d05696aac5b7d1fdd0a4b8db29f556941e
data/validity/cpps_exclusions/cpps_validity_exclusions_00051.tsv	752884	bdeec67ea914939996c51d00d5cd49af03a1cf98db777074c645ac4fdc34f8f8
data/validity/cpps_exclusions/cpps_validity_exclusions_00052.tsv	773451	d4439b02c9a7668e4f891989959f69b10afacfcb80e72b54c492c5859469b619
data/validity/cpps_exclusions/cpps_validity_exclusions_00053.tsv	723472	da1f815d086992e9fa5dd6a048798fab4f5db3a4de0f453543bac5014582bce5
data/validity/cpps_exclusions/cpps_validity_exclusions_00054.tsv	821253	e25e3e71cc61caa4afbeb66e2507d62cf87799a70d9ca04134c9e75a10abad82
data/validity/cpps_exclusions/cpps_validity_exclusions_00055.tsv	770304	340b45cbfaef60893cb5fe17058b547f0f05f2de2e1c5e403c23789ee746ce50
data/validity/cpps_exclusions/cpps_validity_exclusions_00056.tsv	754538	0fa7c0f5e2946ab0eb7c2acb942ab04cb4a0e12c5966ddfb9dd22923a3a0c68b
data/validity/cpps_exclusions/cpps_validity_exclusions_00057.tsv	819606	426d260a7b33e4fae582f5fc0d5b54d8db9430495136244454b1c14a9cd41e34
data/validity/cpps_exclusions/cpps_validity_exclusions_00058.tsv	760611	989ed1dc23a9774153c8d48a9a34bf4207cf458ab93a8e6809a829a25bfcebdb
data/validity/cpps_exclusions/cpps_validity_exclusions_00059.tsv	777288	f50eb37352eaea430e297db009a29e3e520899b72ef96d2780b0e8082089578c
data/validity/cpps_exclusions/cpps_validity_exclusions_00060.tsv	782733	a0623809f82860fc3890fca331b77313979da2e16e6b6025f1dad52d2837343d
data/validity/cpps_exclusions/cpps_validity_exclusions_00061.tsv	789501	944fd6c862ee36de2f80e0a9d46a9c48eb08012228204156e8caaf97ed48fc3a
data/validity/cpps_exclusions/cpps_validity_exclusions_00062.tsv	724215	4240c12b021c32fcef3939e850b5e0e156ae2b858d8a4d178c8838813b2d5a38
data/validity/cpps_exclusions/cpps_validity_exclusions_00063.tsv	807800	4a6c03ee81bfcd91ff95b540eec6a8b15a0b5672eed44a2188233b9a7cc452cc
data/validity/cpps_exclusions/cpps_validity_exclusions_00064.tsv	740280	fb48b35c7f32224ce03669fcd0841ae8f2d1037186d6a4cc68f572ad4184098e
data/validity/cpps_exclusions/cpps_validity_exclusions_00065.tsv	800229	91a382b9200816859ff5f668ddceb14dd1c466629bfcc77845326d41b0552ae4
data/validity/cpps_exclusions/cpps_validity_exclusions_00066.tsv	806997	78631d67bc53b10ded66b19b0fd6aa1573cb1341030cf54e30e85fedf2816d73
data/validity/cpps_exclusions/cpps_validity_exclusions_00067.tsv	772815	8725a40b0af12549444903add5bfd7491a14d28a26fe2459dcec3a1dc0d1f942
data/validity/cpps_exclusions/cpps_validity_exclusions_00068.tsv	764112	77a0d305ddd83e08bcb2e53a26a628427c5f982c43fd3211162e0c808e3b4678
data/validity/cpps_exclusions/cpps_validity_exclusions_00069.tsv	779963	2542fff3d61c51e722fc49fa0e572ab5c88dccab862dc8fbae5c9f5f1dee6197
data/validity/cpps_exclusions/cpps_validity_exclusions_00070.tsv	840315	e1af20b809bdf0b1709e0ca042533ae504a80ed7f81063b4341ac9cc94887c26
data/validity/cpps_exclusions/cpps_validity_exclusions_00071.tsv	748461	361dfa4602fd08de011e2bdc5d0a5f2401ef08231f2611315989707b9c238fe7
data/validity/cpps_exclusions/cpps_validity_exclusions_00072.tsv	699946	77c109aa2274fcaaee359bb0843ab4a2fce02a4b583f67bc6eef98b3571e50e3
data/validity/cpps_exclusions/cpps_validity_exclusions_00073.tsv	756588	23f00ff16153725aa937eff18f21d50a8457c0f7e6bf1f431e064f701a054c9b
data/validity/cpps_exclusions/cpps_validity_exclusions_00074.tsv	808032	ebb6b54c86c43a48978fe9e0e2d56c5db670e89760e2bafb79e855044a4f8dea
data/validity/cpps_exclusions/cpps_validity_exclusions_00075.tsv	770225	5a5d622d2c746cabe936a5a60f4f6f69452ccba555658906ecec945299174eec
data/validity/cpps_exclusions/cpps_validity_exclusions_00076.tsv	846066	f0217691fd89aa43eeb7e844cfe7743f1a50cdcd760606d83bbf41ba97b1b2e9
data/validity/cpps_exclusions/cpps_validity_exclusions_00077.tsv	780674	5ac86d5b6257dda9de85292d7624b243c320b43fc2360257e5e66cb747a0607e
data/validity/cpps_exclusions/cpps_validity_exclusions_00078.tsv	723801	ffcdfca9a2fc191e857c6b44bbefe632d0c82b4b6cf52662dcaaec0454710453
data/validity/cpps_exclusions/cpps_validity_exclusions_00079.tsv	762305	1f1dd922409cab90ea431907637e2f7197c2492318aadb728108d74cf8be3f65
data/validity/cpps_exclusions/cpps_validity_exclusions_00080.tsv	732216	6798f138ddb1be3846339ea74e608f4c86b7e004d312c0ea0c6de5da982ef2cf
data/validity/cpps_exclusions/cpps_validity_exclusions_00081.tsv	783471	665f39972ab89f6a629e25ddc39a28b0f87efd59ce7f82c46ba05de83cf0a0eb
data/validity/cpps_exclusions/cpps_validity_exclusions_00082.tsv	757785	5f5b0753468fe95ca67ebed60bd1ece4d69ca0c2b6f0bbc7f25d48dda271f71c
data/validity/cpps_exclusions/cpps_validity_exclusions_00083.tsv	823512	2f485338d6f942c6199a97c6534d5fbaf0189c5e63a66f5b72e6054806df437e
data/validity/cpps_exclusions/cpps_validity_exclusions_00084.tsv	804918	86f9b49aa9a8c81fa634faefb704898deddee32acbca53572e5dd7f752e2cadd
data/validity/cpps_exclusions/cpps_validity_exclusions_00085.tsv	780528	40148cfb14704d9b89e84d4e27c0ac65a53d68d0026b04c4ae503903fe024629
data/validity/cpps_exclusions/cpps_validity_exclusions_00086.tsv	722486	c489afee5a9e574c10edf8e606aa72cba1545393cd23ba9d154a83b486287db0
data/validity/cpps_exclusions/cpps_validity_exclusions_00087.tsv	775940	72d1aca0acc87d7a4329679570afdf11763bbcc7185c6248ee32383dfc99fe4f
data/validity/cpps_exclusions/cpps_validity_exclusions_00088.tsv	680245	075d9b1981bfd4cebe12c11506f42aea843de4688b58e40ed8e2416ad0cb4ad8
data/validity/cpps_exclusions/cpps_validity_exclusions_00089.tsv	759156	44dd7d7453a7e37d3419a82fdbdf4af3aa84da39fdfcd762ca15ef0cc95f98dc
data/validity/cpps_exclusions/cpps_validity_exclusions_00090.tsv	698675	1f50df49eec0ceb5d11618833d2471db7ce2df4132d212a0ad5e51f95d79544a
data/validity/cpps_exclusions/cpps_validity_exclusions_00091.tsv	706953	30e9aa04438cb6bcaee0f6069c02c80e2d738e1a70f344c822e454e832e68544
data/validity/cpps_exclusions/cpps_validity_exclusions_00092.tsv	720403	4fb97dc4c046899eb84b9241724b71a36d751b2f11968bfd52944e885c65dc56
data/validity/cpps_exclusions/cpps_validity_exclusions_00093.tsv	693493	4f336712dae703e255fccb779ffe73a0829bc18f14452e4103af73d874c7aed8
data/validity/cpps_exclusions/cpps_validity_exclusions_00094.tsv	670745	2dae2be19fadee3926789db665f45fb652103b40c17ad0e4dcae60e1c82af20f
data/validity/cpps_exclusions/cpps_validity_exclusions_00095.tsv	713167	9efae21594b20f5e99ee70bf92ec7937fdbf6be0383ed21d253a3bcb32032cf6
data/validity/cpps_exclusions/cpps_validity_exclusions_00096.tsv	699550	0b6e09da91943041ef673fb505978b972972898666d1a9848208973a564c0452
data/validity/cpps_exclusions/cpps_validity_exclusions_00097.tsv	728926	6de26a006555408eb4ac6947654706346bab8828359d7633ab8fc723b73987ea
data/validity/cpps_exclusions/cpps_validity_exclusions_00098.tsv	671420	2c450f68f317b8ca1d1fe985f16c9b24c46054e11a04e8ca9b0a8c01e34a5476
data/validity/cpps_exclusions/cpps_validity_exclusions_00099.tsv	673826	5ccd27a07e4a9bb3643c0a840624de372314e6e898763aec4fa28ab828806332
data/validity/cpps_exclusions/cpps_validity_exclusions_00100.tsv	716756	7130eb5dd19204ff2ae3fb38cb09aa0e68d9b2596ec6a94e0b982fc06129c198
data/validity/cpps_exclusions/cpps_validity_exclusions_00101.tsv	686986	d959520388d22cb7660b4540c501bb19358be85bab3c61fd5bd2d68a1956e537
data/validity/cpps_exclusions/cpps_validity_exclusions_00102.tsv	705159	a1b587e97a8fb94fb08fe754b65674fcd62c5064e1ee83a7240d7fc92d3679ed
data/validity/cpps_exclusions/cpps_validity_exclusions_00103.tsv	747797	930dfa34f3c51a0d236aa81a336940c1f055eb6315ba9ac2e01b036227434385
data/validity/cpps_exclusions/cpps_validity_exclusions_00104.tsv	782276	c91e4ae459bf09c6bd6a2ba44f5d65fba436abba57c7427db1d29c1c7509e9fb
data/validity/cpps_exclusions/cpps_validity_exclusions_00105.tsv	737123	74ea80af2c0914accdae830000bb8d15fe1f515122cdc0ba95052f81493f0a82
data/validity/cpps_exclusions/cpps_validity_exclusions_00106.tsv	735526	85d9d014926f35c57c16bcfdda78902c458b307cac6e3b0164d6aa66bd922172
data/validity/cpps_exclusions/cpps_validity_exclusions_00107.tsv	773166	fce841559afe4d9e4fe84c2f2271e4220dd642ac908ef115466fb6f8f0130ca7
data/validity/cpps_exclusions/cpps_validity_exclusions_00108.tsv	745196	395b25c8d026ccfb0d359a2d95f10ea8bba7576dc478b1e04970c84a6f53e02f
data/validity/cpps_exclusions/cpps_validity_exclusions_00109.tsv	736005	83e7234d4ef4c1077786a649773c3650e3199c0841f8560de2181fb3d95ad326
data/validity/cpps_exclusions/cpps_validity_exclusions_00110.tsv	678720	80242f563a1ab13312c7d371b2aff9db8be896bd92b6273d5422196d43845c1c
data/validity/cpps_exclusions/cpps_validity_exclusions_00111.tsv	779202	db136eee11115aa88b87e89a9730f284ea086418544999f0d30928bd7b425303
data/validity/cpps_exclusions/cpps_validity_exclusions_00112.tsv	912882	eacfb655ded76d75b1971dc66e4e8c159403d1c98d0f190a82a9deaec9f29a5e
data/validity/cpps_exclusions/cpps_validity_exclusions_00113.tsv	901884	0936b893c80f5e866704ff2ddf9b7688bbb41ff69efd9727a08e3f48413d91fb
data/validity/cpps_exclusions/cpps_validity_exclusions_00114.tsv	927498	101333fe949412cb1aec4431b8bff63f07fe7db331c041420fddc6970851dcd0
data/validity/cpps_exclusions/cpps_validity_exclusions_00115.tsv	939972	5a249bf39dbe5eab4f3f093496486aa65cede006076c8553afbda4dda7082756
data/validity/cpps_exclusions/cpps_validity_exclusions_00116.tsv	852663	d0ac0384a48da557fc72529fb8764f2505c0b0b0fc01ed35bdf5623ef7d188e9
data/validity/cpps_exclusions/cpps_validity_exclusions_00117.tsv	890292	9a57098a8a397c801fe5981c88fa4a72f807520961edc0c5033b4635a7ce7fdb
data/validity/cpps_exclusions/cpps_validity_exclusions_00118.tsv	926348	97b9cbd3a69dd90bc363665dc6edd939a676bb3171d68c3c8213f7c85801b42c
data/validity/cpps_exclusions/cpps_validity_exclusions_00119.tsv	930414	71db53b5544e50dc24116055bab702c0ab398d43799698303400b9d827186a42
data/validity/cpps_exclusions/cpps_validity_exclusions_00120.tsv	932934	508e38c03f799c2edd2f0bd3af5bbf2827f27af45f8474dd2bc3cd1c43a20a02
data/validity/cpps_exclusions/cpps_validity_exclusions_00121.tsv	916383	1d830ac5965cefc4f3cae4c9ca2b8369f2ed5c76e8a0d31c41ce9a095398fba3
data/validity/cpps_exclusions/cpps_validity_exclusions_00122.tsv	914540	377705c582d99cf73a7ee40170713aeccba8aaa588ca1110b6a16008efb2747c
data/validity/cpps_exclusions/cpps_validity_exclusions_00123.tsv	1021332	54d3ec484084156dc381954c5ae47dd25c09a2c1f8741c9628d50853fd94fd37
data/validity/cpps_exclusions/cpps_validity_exclusions_00124.tsv	896322	324f155c0c610e3f747493b24f254550156a50b828841724ab67adcc584d84aa
data/validity/cpps_exclusions/cpps_validity_exclusions_00125.tsv	951323	edad521a6211955403651d6b35b97dc97dfd70bf4224e6cb04825eeaeb1a03e2
data/validity/cpps_exclusions/cpps_validity_exclusions_00126.tsv	921837	ca764ff7962d54352852f4d49d6716600f87dab8161e1f5915fac3de6474e214
data/validity/cpps_exclusions/cpps_validity_exclusions_00127.tsv	899229	3cb7c37b7eef4f5a29ddb576e73107e7533147af87db6871eb1e6943fa0c1e81
data/validity/cpps_exclusions/cpps_validity_exclusions_00128.tsv	949161	e41d71d4605c2a13fe33f3c52481b5c24ec306e60794491151ed20bf4325545a
data/validity/cpps_exclusions/cpps_validity_exclusions_00129.tsv	958917	29d02fd3bc9a2b9c7c198def642991f18a764788d3dc118c555bc2ec0f3f9876
data/validity/cpps_exclusions/cpps_validity_exclusions_00130.tsv	828651	325583da817ee51b4a5aacfc5ac5657eb1ca50b3dccaffc74c20a67c1b2b6ccf
data/validity/cpps_exclusions/cpps_validity_exclusions_00131.tsv	983748	83d6572e5cf2c8509a09071bde859c42765b28765ef170332cd2eea75e3db255
data/validity/cpps_exclusions/cpps_validity_exclusions_00132.tsv	987150	27a33268971fe1ada7420fe42c89067833ed7079301e726d7e293c0b302a1540
data/validity/cpps_exclusions/cpps_validity_exclusions_00133.tsv	953031	63fdcbd7ddb7766274533b01c7656f18008db972f05c42771f37aae35c409a5e
data/validity/cpps_exclusions/cpps_validity_exclusions_00134.tsv	929842	842738bb36ddb14257ecbd9246752e9228062a6b2c937b457b639a3d901c4a51
data/validity/cpps_exclusions/cpps_validity_exclusions_00135.tsv	949242	bb23b8966c3d8d32a0e57a06937c00df1da757d31e1a5747e8a8332573ec39da
data/validity/cpps_exclusions/cpps_validity_exclusions_00136.tsv	972318	2effbbaaaf11d7d49ac73d10fa0f0561c3a43fa1814988cd9380dd2159e8cefb
data/validity/cpps_exclusions/cpps_validity_exclusions_00137.tsv	902479	c091fa10e628abfd0cb9e46180e77cb4fc024ba0f69cdf7518c67973d7577f5e
data/validity/cpps_exclusions/cpps_validity_exclusions_00138.tsv	916365	5765c256137f1d6105456f04660899504f806591e1e7c5bd45c81840738bdc50
data/validity/cpps_exclusions/cpps_validity_exclusions_00139.tsv	946884	daf3e511e51b8926b3be9f745958eb8cb5fdaf85a0c286fe3dc377989669011b
data/validity/cpps_exclusions/cpps_validity_exclusions_00140.tsv	893928	91cffeea0206457107dbdaebacc178f0a922a48c62317c07960c64505c63e605
data/validity/cpps_exclusions/cpps_validity_exclusions_00141.tsv	922422	e0c959c211403b09664c10f8c03717cb391e8af52f4b33cbbf944ede4cabf2de
data/validity/cpps_exclusions/cpps_validity_exclusions_00142.tsv	922494	a6357c9f0d98ef24df989bb3c65e2d43bb36e8a30c6ba2081382d966f4b7b752
data/validity/cpps_exclusions/cpps_validity_exclusions_00143.tsv	948882	bdf1f811deb7505d1cb66de1b821eccf6e556940539e14986fe16ca24252ae16
data/validity/cpps_exclusions/cpps_validity_exclusions_00144.tsv	870952	2cb0f42af4800df4339b7b712f6762cfde85dfce075238b223babb9d026a73ec
data/validity/cpps_exclusions/cpps_validity_exclusions_00145.tsv	358113	e485f907990e175e383f571187b81dc16d11ab5379300610287eec09fda9386e
data/validity/region_validity_00000.tsv	981957	803025befd77cf3674e524e3dab661e57c16f048d6f43323c6c14e345d08534f
data/validity/region_validity_00001.tsv	915826	0dd5395a428f8d1535a459f166afecf684c8d457f32c3aab717ff6332361ea16
data/validity/region_validity_00002.tsv	1024721	ad60696b8f2cf491c5283959e73d25ef8328a43ea307042b3bdfd7cbea379907
data/validity/region_validity_00003.tsv	874059	42c65f0047b9293bd7939c2d25a72d43f5b903f3b530f95d0f09592654972a51
data/validity/region_validity_00004.tsv	969756	60cb8fde7da161ca92ec0ae70877b23993bc737d05d2ec706c0a9d6813548179
data/validity/region_validity_00005.tsv	885836	3dc6e61831a5bd916771fac0c6f6ded85321bbf831103bda3a8a7227b4947c96
data/validity/region_validity_00006.tsv	967642	274e9775ae73bb67be56a6d7071f28db010355a3e416412263c5c4a8ca20780a
data/validity/region_validity_00007.tsv	932600	b0bc5224e41e5e32965aad83b4d2899799d294fac4035265239c6ca8089e50be
data/validity/region_validity_00008.tsv	929700	ebaf422514b40ab7a6a6d2892ae6b6d085928feb74fd1cb2c919a130ac11326f
data/validity/region_validity_00009.tsv	926274	ea895d2e34d75984d57565957ffd4c731c89bdbb5faf48c42fb9cc649b34d932
data/validity/region_validity_00010.tsv	953400	4f58a7a23065c398452898644f2c3e3e2126fc93fc6f914e7ccfbfac797e3f71
data/validity/region_validity_00011.tsv	943352	2c19773d07d8a443d7c8e3e825773f7627436dfd550dcfdb824ef344c0b7ddec
data/validity/region_validity_00012.tsv	1040681	bd92dca83663a927c14d12db7cc4c93a71af716c4d7c73e27a98fd859434771c
data/validity/region_validity_00013.tsv	964354	c6a4656499f74ec9f1b3a49b7708ae591e7edfae96fb9dd4c26e5b9a92187104
data/validity/region_validity_00014.tsv	961128	78198b57538638b372fe4b575499f0d29f4103e7e1a9135ae8a2ba85153b004a
data/validity/region_validity_00015.tsv	980931	45249da79d5ed37549bb394904622ab665ca93c9d94b5de652226a5eb91ced67
data/validity/region_validity_00016.tsv	885909	fd158c8fe73a80ab42635684612f944176b3bf667cb893dc06c6e6e8991e2839
data/validity/region_validity_00017.tsv	889459	5ee332a37f14b0eecf9972e524a8754cbf8cb25f1993d96da19342b0efd1b37f
data/validity/region_validity_00018.tsv	957400	223b36bb4bb7baaae9f8562e1dab3c298b578df8d066081ba29961925dc57fa2
data/validity/region_validity_00019.tsv	950576	abf62bf0de9b439f6b989bba35c4af72e01d6be6534bab46a9fb55095ac1c375
data/validity/region_validity_00020.tsv	933877	5d5d5e2194c3d40451a4991c9179bacecbb801e28e324d22b52751807820d07c
data/validity/region_validity_00021.tsv	916757	04df5c1d657489c9a036c944b6c5c335dbcd6ac2850f1876eedbf74e3d454734
data/validity/region_validity_00022.tsv	1001400	406795f04d101fde9fe70151ed6a12e0eb318733581d0467e93861b2b49e51d3
data/validity/region_validity_00023.tsv	943354	0f0cfdad0a7cf71d186922d2119d89fcc500f8b30fb582ac8aea23f0e5770060
data/validity/region_validity_00024.tsv	944015	f5e8dd915b2f5c9f552606293e94a1f813f8958f1cee4ca9b9a356c2b76ca6cc
data/validity/region_validity_00025.tsv	965572	90fe632f2eabd4c6e0785bcfcb1d2541a973d1a093cd1a72daf57d4484156980
data/validity/region_validity_00026.tsv	991201	16c91a4fe67d17af0dfdd221172b7396068b4e22b33338fa44d90d1f83926349
data/validity/region_validity_00027.tsv	948483	0c4b9ba54025a7535d35d915e62c00b06c38157877f1469cf080279c7c4c556e
data/validity/region_validity_00028.tsv	938117	77313aeeeda987ac50bda5f38c01553c3d4466b439d2cc99780ddfbdc477bbf7
data/validity/region_validity_00029.tsv	922745	d1ec3b9823a20ac9342b80ba408709449e7404f31ec3daf51dfeed2d3ddc2489
data/validity/region_validity_00030.tsv	938565	6741d834ca458fdafeea47cf99caa5ad90facd6ff014236387774677c4729669
data/validity/region_validity_00031.tsv	939378	78766ed8944cb7ef577a9c248363f28b098fb493c941928150f5face2002f09f
data/validity/region_validity_00032.tsv	968697	fb1a86806a61e0b324e89734b4178c790522e83dbdcf279f270d372f76923269
data/validity/region_validity_00033.tsv	919229	71434f0411af95bd9d6589bebc5837064543721857e843fe89c2acb80c779869
data/validity/region_validity_00034.tsv	926742	3ae39b6077d5db51de5893134cfb19b1e71081127832768cb8d3dd2c8c5dc64c
data/validity/region_validity_00035.tsv	1003259	d1546a22b633a570dd7ca9d1946816498400cc46b05ce8f33cb32f53087dfa64
data/validity/region_validity_00036.tsv	925259	ff90ee70eb4585eb6f8a32c68c43020392526f97e390f8309a9131f1534c6a76
data/validity/region_validity_00037.tsv	916425	908954f76201fff3a029e949f75c94e779816e151252ee8aa01e2c2744cc5f19
data/validity/region_validity_00038.tsv	969542	e50bb7fb04bd0e4694cc12a1df18cf7f03b95b93fc91d9b38a5298c6b8ca31a4
data/validity/region_validity_00039.tsv	961000	52c1c6b1f76b88c68105d9d8980c11b23bcc19371f142813770887140e421cc1
data/validity/region_validity_00040.tsv	972777	adcd7f44b88a01649020a20f705278e068833b57cc3298c66749cb734974f3fd
data/validity/region_validity_00041.tsv	966599	f74eeb0ce113377265510435364bbf49d86fd06cac15e80721f66bf05a4fdc35
data/validity/region_validity_00042.tsv	984912	c4ab12e6c51bd9c310dbe19401d3a0927079b802671aca965ba8f7c749906723
data/validity/region_validity_00043.tsv	934566	98be5662748636609d2a4b85f3aed6419ff331d6daac8c7155731cc90667efb1
data/validity/region_validity_00044.tsv	1014978	20ce3c953c3b7801825450681886063aa8437cd53d68a3bd2affe5630fa5f151
data/validity/region_validity_00045.tsv	984974	bea8d4d4fdd996f362f5319cbd5fea396ecca87d3ab3e94e17ed9b3c74351d0e
data/validity/region_validity_00046.tsv	920842	8403d3430a5cf1242e270667021e7406bbf59d32bbecd279bb7b5ee3ad994bdc
data/validity/region_validity_00047.tsv	935754	fb718de055a248f6812349f9f5b6c6e6325a722438bf3c05352818f4a3305cf6
data/validity/region_validity_00048.tsv	923145	27a0980b971b1933e181871045e2e6a3ef206d925ae4bd2efcb7d8a0d70cd621
data/validity/region_validity_00049.tsv	910759	4d8545c4b223a12548fc906b611c5631947cd401b9b4fec91114ac2ab87d1d4a
data/validity/region_validity_00050.tsv	923099	77e85123e128c5aa77f14fbc0b9237ff3f747862d3248801ad22013e02a4fce3
data/validity/region_validity_00051.tsv	920359	d2052c752b1f18dd78f3f3f1c0dd1b343a8b0be4ae1e9dd53efe905a18e92c9e
data/validity/region_validity_00052.tsv	940923	fdb5cb055d7857612273aafa0bc8662097c9a8a8a69dad7ba1f17ef21e40f7c0
data/validity/region_validity_00053.tsv	876544	9dc8d3fb41b0de3740c9bc2dd3341e3a9d56cb6f675b1f70421f63103823483f
data/validity/region_validity_00054.tsv	1017437	527aa342cf3edac10e527152cb36e2b1b9f81086ad86381b892359710e6fa44e
data/validity/region_validity_00055.tsv	942834	037bdc40334ed89d8e309f32e121c903a5bd5de884c797ae9edc0c889664b477
data/validity/region_validity_00056.tsv	934104	f723ef712490a87f6aa2bfbc8fa27b892e25267e0242f7ca777c0e773ff8a633
data/validity/region_validity_00057.tsv	1007192	026705fca125ea520f4ce65ba39d5ef516d51197b2d39fba355512f07ba278b9
data/validity/region_validity_00058.tsv	939112	0427b95c02c517d2d70e0b636efd9139dc41b4f54a2111339f14ac1d94cfeedf
data/validity/region_validity_00059.tsv	959829	d012d3f36863f65e871f9c51bc767175f960fdbd5641d197f48b3c9ab5ce1fcb
data/validity/region_validity_00060.tsv	962910	b1d336665f6664fd058fb58b40c93579054bb48c8d2ba295f685163308790aef
data/validity/region_validity_00061.tsv	973861	04fc0d20b681a5d10684230862a2a57dc6e62dbc1d701afd59b0acbb370f6913
data/validity/region_validity_00062.tsv	901074	8ac039aa71029e77aaa5efed7b0e6c444ad4cddd9d6b76ed5e9f67967ac2df8c
data/validity/region_validity_00063.tsv	973651	8f53d93b526777bad851dfec082ac1443392c7037714118e228fdd75936f3d14
data/validity/region_validity_00064.tsv	912161	d989ad3e98c013fc130e8fd545216238ddd0fc4cd02b32639d9f85f7411c5a0a
data/validity/region_validity_00065.tsv	986921	71369a834d176b0860dc12f5c3dd1345ffdafe3ff1416ddc4294f6d6982ebde6
data/validity/region_validity_00066.tsv	995658	fc9608d78b7f3b8223dca1a6decf1a807f964c5931f479032ce30fed4ea403ac
data/validity/region_validity_00067.tsv	961906	e09fdb47e811256cffdd63d74d754fcc8f9c794135ffc075ece7978ffbc0e629
data/validity/region_validity_00068.tsv	953252	576777172ba82a48caafaa737922e24f315bf8f0b7827fe2b2f8a6845152e497
data/validity/region_validity_00069.tsv	971064	ad9413b41eaeb8c4a214d25ebacfe5be1f705c034e96a20ce8d24266477a020c
data/validity/region_validity_00070.tsv	1035020	d9f8bd9e470d17a7748f3bffb5ac200627061d508a81575f227ba1e40e411206
data/validity/region_validity_00071.tsv	922566	c96ab13721555a87dee2743d3a41ea645c64654089d446e9a25c21ef94825776
data/validity/region_validity_00072.tsv	866669	beb01cb73cad431d89839b7e08f1092e9de4dbabedb7b72345404ca819abcbc1
data/validity/region_validity_00073.tsv	950067	2d16e8aaaa042b9091cf5e0bbdc93a7cc5ae405bf81def0d571032a80f4ac705
data/validity/region_validity_00074.tsv	1002480	341f1cbd64167975f31e593bcf563c237691073ad26770c623e78ee8993251e7
data/validity/region_validity_00075.tsv	942396	010ec34a302f894d52f099e279a16d6830bbb7d387f27683c001e585bb1df8eb
data/validity/region_validity_00076.tsv	1034844	b0666d176ebf0d6baa09eddc2abb79c099d25b7f3f983c08beef4025695b13f3
data/validity/region_validity_00077.tsv	970620	664d2a0f3381f0252983bafc833cab6ffb7a984eb97e7320c5d10d7bcfd62e10
data/validity/region_validity_00078.tsv	899652	9acd0a6a489b3e7100fb8b253e7b294a400c7dda8dea88d2f0fa3357c9b761f1
data/validity/region_validity_00079.tsv	938132	478645aba5f91b409b5a955906c037aaac9e5869c59d8d0dc988bd330073cd36
data/validity/region_validity_00080.tsv	912439	73d1d7fda1df4d7e2f0185822ebd732ddd304adbe4c5c65aa715d763f4416033
data/validity/region_validity_00081.tsv	964845	5cde8bf06dba903ae204bf86291ac4c8e5ffbc777b85bcc6b2c5b43c0499d61a
data/validity/region_validity_00082.tsv	932609	01aede7ddbf863a61a22389d48f2b8207f31c55cbda845cbcf03891bbfc3d32d
data/validity/region_validity_00083.tsv	1024152	f6ad9c1cbe3c296029f9296fe98ecb1657ceb03529b02599c91278c8deb0cf57
data/validity/region_validity_00084.tsv	987908	ec9fb08f9c291aef1f824f386210ca98a62c31190994dc911ca9ab28b86a3260
data/validity/region_validity_00085.tsv	927802	7a5bac1fbfe8a1248df7b01de6637218bdc8fb1b03c00647906c44387db10ab7
data/validity/region_validity_00086.tsv	876317	f8a62ccaced5790e0d0ab4cdd92f5d8b7f3d7f144a763c809933cbf237b339b2
data/validity/region_validity_00087.tsv	936887	4fcfe44e493d64c6f6e9b932cee807ebd3b2e9768e09d72f4ebfb36fef054648
data/validity/region_validity_00088.tsv	828676	1ca23b6754083a2e7dbafb589dfdb6e30a1c961638bd81706ea800f44c75c5ac
data/validity/region_validity_00089.tsv	916345	9c2150af99a772beb8671fc4040411cc553a9719954ebbd47c473a88a8681f50
data/validity/region_validity_00090.tsv	832529	9871f680062ee32f975f72eae4a44b3818b2e9d3d747226f81664fb568f99a91
data/validity/region_validity_00091.tsv	862556	0f9bf7211c8b6d78d5960aa755f8389a525e4788c0e5a825dedada6dfe5624ec
data/validity/region_validity_00092.tsv	870848	7dfd473bbbb75136a23522f1a4447e5a5cfb1fd2f8f8a4957a38bb0fca779ac8
data/validity/region_validity_00093.tsv	837048	064b9a87bd0720e6ebec339d18ef4a717d4b022eb7dedf97b493375841d87d74
data/validity/region_validity_00094.tsv	808704	79db430c3bb404bc98e1c27d91b77217e69833b927dfca41c0db6d990184e3bc
data/validity/region_validity_00095.tsv	856952	a73f1e189c5a6d2943aa229370a5e39e411d0f05aa786d8fb11c893e2a5ea01a
data/validity/region_validity_00096.tsv	836908	afe5ad3cedd62ec45c36b245bdb3334ee68459fb6b21d2300d8d160143a97ba1
data/validity/region_validity_00097.tsv	859854	79c4cf614ec8d0c574a506aa08dc7eb7682d587ecd50bdb40f363c36d991e113
data/validity/region_validity_00098.tsv	822694	54b160c460d6a986c534afaaf95ffcb41ad413781d744845dc24075fc5119837
data/validity/region_validity_00099.tsv	819335	fbf6cd32b37ee7d1fab0c0756749222db37f69d3a0fc3523e2811bfc94966bbe
data/validity/region_validity_00100.tsv	862688	4b4b127187684affd55861eba65a76dbeb70c61acbb6c177b5c0e04a22911cf6
data/validity/region_validity_00101.tsv	826417	694a16cc12f59c53b8083632fca74bc4df6ad5352e3f107800bb1f9455ffb0d0
data/validity/region_validity_00102.tsv	851837	a3e6c87b5d740a1a3464b944919678825d913a7938380c4c17ef53af5f4dffe4
data/validity/region_validity_00103.tsv	910087	949b07a8f59dfeee3395acfa54992b9baaf7c3a796ad5b5cad9536cbb04af8c9
data/validity/region_validity_00104.tsv	949056	7e00b6cea261b561066ca415fe77e6a01e218fb046747a556a752227190d5a46
data/validity/region_validity_00105.tsv	884672	8f5dd3b64480b13fed645beb42bb8249074b89cc72fb29ef7835ebeab72b1fd5
data/validity/region_validity_00106.tsv	882213	c31c66ac4e48b49e88d2b030da9067e35d0471b04a1208144c4429b8cdc310cc
data/validity/region_validity_00107.tsv	930056	686c51c670e4139795180c68a951e195e3444b35b9def1d46a3b073eddc650c2
data/validity/region_validity_00108.tsv	889737	1397af48de456105d2684ef774d2a6b1782f05f3501c97ccca83a10e0937b320
data/validity/region_validity_00109.tsv	888496	7f1b220a01557de9d7b0bede8fe1a3fc27090a2151625008a67907ff050604cb
data/validity/region_validity_00110.tsv	827157	52f1752cca0af41ae95a6771a7505d31611aaf8c626fe772eb017610e39c0ed1
data/validity/region_validity_00111.tsv	933711	68d6d9bddb9eca9c32a859bc294a8d2f851fc886c11eb15dd8d06fe72eea68ce
data/validity/region_validity_00112.tsv	1099210	151f3b85fe88b97b67f5ba607e1ed48e44721cb7b31fa0dc197e8fddc414e72d
data/validity/region_validity_00113.tsv	1084764	97c1d3244b38566c3294f6ab168eaa3943cd2c12872d2c65ce71d538d18c1dc3
data/validity/region_validity_00114.tsv	1117827	e1cb5f6d83888d7a94171c9f894f332e4eb9eabeaeeb5480ff659fa6a0661895
data/validity/region_validity_00115.tsv	1123158	cb589bdf68033cd58fc03e888921fa7df72d2d35e68015ea052bc8fcf3969b86
data/validity/region_validity_00116.tsv	1032514	0021ad2821cffbc4915349f01d8d4cf830a74f157e1d7a66eead08040b3883fb
data/validity/region_validity_00117.tsv	1069855	b94a44178daf815b185aeaea1087ebe10933edff3cb8a6d1527a9819696c6bd9
data/validity/region_validity_00118.tsv	1107776	23105ed73282bab41077dd2537508a8013fec57aebb5a29a2bdb11847eab649f
data/validity/region_validity_00119.tsv	1102922	b89d36da915b23cba5286b747d57f5c955ad8f8d430a28c54ece083673afe801
data/validity/region_validity_00120.tsv	1123730	492ff498908204317c2862283059795fb885f264d4ea4f92e1335aaac67cf1b7
data/validity/region_validity_00121.tsv	1102607	e40dbb466a69e0a919bdcc9dda5c3c9841cc52cea2081d4846dbbd0d913de798
data/validity/region_validity_00122.tsv	1101547	ea9b2ea17f679614f00f274e33471ade6f8b2844c3294fa4ccfd2e317b44e6e8
data/validity/region_validity_00123.tsv	1216255	26d24397d99789bd3a7057e646b070dbae8ab28cc45ebbd68d936a4eb594e19b
data/validity/region_validity_00124.tsv	1078755	fa0be476b9f79c264bc51b8850de9552763cddfe9164637db7bad97475e32d2b
data/validity/region_validity_00125.tsv	1134606	5d789ec59edbafa075cd45c9f5c486e16cb5ced70c83bde753075d1477872eb3
data/validity/region_validity_00126.tsv	1110441	6818a380ee0bd03f8d144b03800ffdda49271d9bff94b56bd1a5a1e28c206f0c
data/validity/region_validity_00127.tsv	1072499	2e405ea5686d708557d9b729812fffbe4a5683868fa7ccfee30e44ddf14bd73a
data/validity/region_validity_00128.tsv	1125746	4c4abf29a9fc3bc6996f7d8384c265d4a4e9961b5c219af9c9f8b5a4bc8a364b
data/validity/region_validity_00129.tsv	1139846	fd55b4f9e428fdaeab5305802d4144d896abadd6020b6c7b1ee2f28bff1002e3
data/validity/region_validity_00130.tsv	993343	f533958294947a14e7ff94209b42a573668827288e5bdeaab7129aebf2c399fd
data/validity/region_validity_00131.tsv	1180595	e6cbd98450b72080db37fb205ddcac9c88e86ab3e7eb18ebce0a922796990e87
data/validity/region_validity_00132.tsv	1191871	35944a73d439a060fbcce627fa63ed77e3ffe1ac0adc0df3f89e330e24e1a114
data/validity/region_validity_00133.tsv	1146208	a7708c09086febe225cc9f84919e9c7a22b43dc5fa65ccfcd46859f17080809b
data/validity/region_validity_00134.tsv	1115699	b096edb50acb8938e36187922abbfc68756d785674af957b91506ea2b1d935d1
data/validity/region_validity_00135.tsv	1147712	6b0f429ec001959155f6e33465c43a145023cd9632ae34fcf3df3c3f7c061357
data/validity/region_validity_00136.tsv	1165276	e2d1fdf121ff6911cd800f28f034c4756b30f3db46f0fc0a2f311c1ce959c645
data/validity/region_validity_00137.tsv	1086838	155c26da119e0ac6849ac57591b6e2fc45f0f65808b9e0c035e5cd817d68dc21
data/validity/region_validity_00138.tsv	1102519	b2afde75a9be05100fcd04d6023181202686eb67a88a8f67e08583033a0cce4a
data/validity/region_validity_00139.tsv	1134650	4d404073ebfa8cccea4a13e5e59d51e9d987718bf995c57d2094cce56bf391e3
data/validity/region_validity_00140.tsv	1075541	f2f70498148aef539c18bc38d6c63c6bd7be0d284fe0118f542019ab319e74de
data/validity/region_validity_00141.tsv	1120145	d836ea6a6a8b266f31643ebcfce59ec833aa6e69335691e6a5da91e917c34029
data/validity/region_validity_00142.tsv	1123884	d4f665957ea937a914a053743ed77084c04aa86eb76deddce9f6c9da69f158ed
data/validity/region_validity_00143.tsv	1129886	fb30f52d71501676918dce057b831f579c55f4ffbe3607e9da813bb2eafd5142
data/validity/region_validity_00144.tsv	1047572	62a0c12443752b5cc8c3bfbd2be4caed163456860030cf54111acb994717f8eb
data/validity/region_validity_00145.tsv	420319	da919bf18c415858cfba19c3c45de93bc63d1eb6d465b2cade4f8d54337568e6
make_release_assets.py	1865	863266b13912690da141a1066e5e8dccb641ac70ec24ae9b7f3835067392b1b2
requirements.txt	133	9e1947c6b2d7d61a9088bed6771171c69390b7cdf79f667c47404fa55b7c6ef0
