system	feature	region	estimate_tts_minus_bf	SE	CI95_low	CI95_high	wald_z	p_raw	p_BH
A01	centroid	Boundary	-0.119282746137898	0.00765480309129517	-0.134285884505582	-0.104279607770213	-15.5827321376225	9.53890072552568e-55	4.18781007462103e-54
A01	centroid	Interior_A	-0.0588407476533901	0.00765480309129519	-0.0738438860210745	-0.0438376092857056	-7.68677481989079	1.5089036518057e-14	3.05171525084298e-14
A01	centroid	Interior_B	-0.0675934812324688	0.00765480309129519	-0.0825966196001532	-0.0525903428647844	-8.83020509166775	1.04483961478022e-18	2.35088913325551e-18
A01	cpps	Boundary	0.0725162123783702	0.0279942865482539	0.0176484189708984	0.127384005785842	2.59039330233952	0.00958663346074569	0.0120670910694701
A01	cpps	Interior_A	0.153041884839896	0.0279942865482546	0.0981740914324233	0.207909678247369	5.46689713188773	4.57981652529837e-08	8.08202916229124e-08
A01	cpps	Interior_B	-0.0633507137334407	0.0279942865482546	-0.118218507140914	-0.00848292032596766	-2.26298725721198	0.0236364748176224	0.029140859364192
A01	energy	Boundary	-0.156623400538685	0.00998178362253002	-0.176187336940315	-0.137059464137054	-15.690923231913	1.74499066254736e-55	8.05380305791091e-55
A01	energy	Interior_A	-0.187100673899889	0.0099817836225303	-0.20666461030152	-0.167536737498258	-18.7442125551165	2.1584329588088e-78	1.43895530587253e-77
A01	energy	Interior_B	-0.230035966308941	0.0099817836225303	-0.249599902710572	-0.21047202990731	-23.045577324449	1.62905392742899e-117	1.54331424703799e-116
A01	flatness	Boundary	-0.109588509725145	0.00685612291196363	-0.123026263706174	-0.0961507557441165	-15.9840351656937	1.65103433306477e-57	7.82068894609628e-57
A01	flatness	Interior_A	-0.172595465044378	0.00685612291196366	-0.186033219025407	-0.15915771106335	-25.1739164044458	7.7346320278442e-140	9.28155843341304e-139
A01	flatness	Interior_B	-0.189809178435169	0.00685612291196366	-0.203246932416197	-0.17637142445414	-27.6846230548112	1.06945565406727e-168	2.7500288247444e-167
A01	flux	Boundary	-0.106429694216622	0.0122034174415729	-0.130347952890413	-0.0825114355428311	-8.72130243238687	2.75019773045071e-18	6.11155051211269e-18
A01	flux	Interior_A	-0.136696597105438	0.0122034174415728	-0.160614855779229	-0.112778338431648	-11.201501363033	4.00881310020863e-29	1.11013285851931e-28
A01	flux	Interior_B	-0.13104116658481	0.0122034174415728	-0.154959425258601	-0.10712290791102	-10.7380712994705	6.74384973221935e-27	1.81178052507385e-26
A01	tilt	Boundary	-0.0532809834466736	0.009706609360385	-0.0723055882050276	-0.0342563786883196	-5.48914471248076	4.03884631770851e-08	7.19794393254982e-08
A01	tilt	Interior_A	-0.0319117153890025	0.00970660936038486	-0.0509363201473562	-0.0128871106306488	-3.28762745096576	0.00101035444525538	0.00142081093864038
A01	tilt	Interior_B	-0.0413296761589569	0.00970660936038486	-0.0603542809173106	-0.0223050714006032	-4.25789012666295	2.06365324415485e-05	3.14794562667689e-05
A02	centroid	Boundary	0.0152738566469966	0.00729636956787723	0.000973235076063126	0.02957447821793	2.09335019353197	0.0363179050478883	0.0441704250582425
A02	centroid	Interior_A	0.0217100005309721	0.00729636956787738	0.00740937896003838	0.0360106221019059	2.97545242589567	0.00292556724158272	0.00391218030486693
A02	centroid	Interior_B	0.0122548308162661	0.00729636956787738	-0.00204579075466768	0.0265554523871998	1.6795792348867	0.0930392106369269	0.1073529353503
A02	cpps	Boundary	0.118103440005083	0.0351777376892516	0.0491563410765522	0.187050538933613	3.35733471687034	0.000786977794755078	0.00112425399250725
A02	cpps	Interior_A	0.16083936835552	0.0351777376892516	0.0918922694269899	0.229786467284051	4.57219192934809	4.82648531879463e-06	7.97034272828472e-06
A02	cpps	Interior_B	0.104638127607757	0.0351777376892516	0.0356910286792268	0.173585226536288	2.97455534327123	0.0029341352286502	0.00391218030486693
A02	energy	Boundary	-0.249143134332953	0.00986597547229833	-0.268480090931013	-0.229806177734893	-25.2527623885238	1.05613916288945e-140	1.46234653323155e-139
A02	energy	Interior_A	-0.238210344076413	0.00986597547229837	-0.257547300674474	-0.218873387478353	-24.1446316935673	8.50195119966677e-129	8.50195119966677e-128
A02	energy	Interior_B	-0.240370727061273	0.00986597547229836	-0.259707683659333	-0.221033770463212	-24.363604768346	4.15980884985684e-131	4.40450348808372e-130
A02	flatness	Boundary	0.104398142304327	0.00757366174238461	0.0895540380581645	0.11924224655049	13.7843682297141	3.16525393692745e-43	1.11714844832734e-42
A02	flatness	Interior_A	0.0686075099116265	0.00757366174238444	0.0537634056654641	0.0834516141577889	9.05869739701718	1.32017631703391e-19	3.00799667172283e-19
A02	flatness	Interior_B	0.0899419974661312	0.00757366174238445	0.0750978932199688	0.104786101712294	11.8756290583707	1.58437717438941e-32	4.67521133426384e-32
A02	flux	Boundary	-0.0743274548326003	0.0125458255306347	-0.0989168210289673	-0.0497380886362333	-5.92447700241853	3.13292848517301e-09	5.7543584421545e-09
A02	flux	Interior_A	-0.116659286092685	0.0125458255306342	-0.141248652289051	-0.0920699198963185	-9.29865362847806	1.42235308704697e-20	3.28235327780071e-20
A02	flux	Interior_B	-0.0802973669456423	0.0125458255306342	-0.104886733142009	-0.0557080007492761	-6.40032549070391	1.55046067925947e-10	2.93771497122847e-10
A02	tilt	Boundary	0.125357047996369	0.0091240880115675	0.107474164101923	0.143239931890815	13.7391318274704	5.9181187993118e-43	2.00992713938891e-42
A02	tilt	Interior_A	0.0881350993749524	0.00912408801156788	0.0702522154805056	0.106017983269399	9.65960644649758	4.47580071130897e-22	1.07419217071415e-21
A02	tilt	Interior_B	0.0627817615743854	0.00912408801156788	0.0448988776799387	0.0806646454688322	6.88088075156534	5.94836307032067e-12	1.16381016593231e-11
A03	centroid	Boundary	-0.128998279843101	0.00827520741459003	-0.145217388340296	-0.112779171345906	-15.5885252635075	8.71216255652692e-55	3.92047315043711e-54
A03	centroid	Interior_A	-0.0699816143329835	0.00827520741459001	-0.0862007228301788	-0.0537625058357883	-8.45678069767762	2.7486013388674e-17	5.96082218067628e-17
A03	centroid	Interior_B	-0.100359749605121	0.00827520741459001	-0.116578858102316	-0.084140641107926	-12.1277624326584	7.5278292614056e-34	2.29662587636103e-33
A03	cpps	Boundary	0.433570600402413	0.0300361108465027	0.374700904907615	0.492440295897212	14.434978037541	3.11744990214992e-47	1.27532041451588e-46
A03	cpps	Interior_A	0.372498848356833	0.0300361108465037	0.313629152862033	0.431368543851633	12.4017004152251	2.55836222986605e-35	8.07903862062965e-35
A03	cpps	Interior_B	0.334830033330309	0.0300361108465037	0.275960337835509	0.393699728825109	11.1475828226038	7.35780007754518e-29	2.00667274842141e-28
A03	energy	Boundary	-0.133289406786575	0.00998393846784776	-0.152857566607421	-0.11372124696573	-13.3503834399441	1.17840782373211e-40	3.78773943342464e-40
A03	energy	Interior_A	-0.0940713692881551	0.00998393846784738	-0.113639529109	-0.0745032094673102	-9.42227053893669	4.41437120914728e-21	1.03193093200845e-20
A03	energy	Interior_B	-0.0790788614244874	0.00998393846784737	-0.0986470212453323	-0.0595107016036425	-7.92060785221741	2.36352261213506e-15	4.8900467837277e-15
A03	flatness	Boundary	-0.142143547013758	0.00687320712311213	-0.155614785433342	-0.128672308594175	-20.6808182072356	5.15589340681951e-95	4.21845824194323e-94
A03	flatness	Interior_A	-0.18323111151648	0.00687320712311218	-0.196702349936064	-0.169759873096896	-26.6587501634191	1.41691704168133e-156	2.83383408336266e-155
A03	flatness	Interior_B	-0.203324444170949	0.00687320712311217	-0.216795682590533	-0.189853205751365	-29.5821791092604	2.53343092218766e-192	7.60029276656297e-191
A03	flux	Boundary	-0.217620606440172	0.0113141591653573	-0.239795950919626	-0.195445261960717	-19.2343596426061	1.90886272684046e-82	1.32152034935108e-81
A03	flux	Interior_A	-0.19484502073919	0.0113141591653576	-0.217020365218645	-0.172669676259735	-17.2213434415682	1.83674766766155e-66	1.00186236417903e-65
A03	flux	Interior_B	-0.206551080184716	0.0113141591653576	-0.228726424664171	-0.184375735705261	-18.2559814800155	1.85448041941434e-74	1.15105681205028e-73
A03	tilt	Boundary	0.261610867485655	0.00994152820372306	0.242125830255069	0.281095904716242	26.3149550174473	1.29322315648717e-152	2.03887148446194e-151
A03	tilt	Interior_A	0.249829622013565	0.00994152820372339	0.230344584782978	0.269314659244152	25.1299012479788	2.34417260035589e-139	2.63719417540038e-138
A03	tilt	Interior_B	0.222899787266797	0.00994152820372339	0.20341475003621	0.242384824497384	22.4210788018802	2.45170983542262e-111	2.10146557321939e-110
A04	centroid	Boundary	-0.0246430806245552	0.0081964081232347	-0.0407077453486868	-0.00857841590042367	-3.00657071415203	0.00264212593044269	0.00357580952992244
A04	centroid	Interior_A	-0.0265928306849529	0.00819640812323435	-0.0426574954090837	-0.010528165960822	-3.24444931061573	0.00117677960049225	0.00162938713914312
A04	centroid	Interior_B	-0.038989284918995	0.00819640812323437	-0.0550539496431259	-0.0229246201948641	-4.75687451537119	1.9661330010773e-06	3.30751345975621e-06
A04	cpps	Boundary	0.0746831082205767	0.0280751454123639	0.0196568343516186	0.129709382089535	2.66011474290307	0.00781140348956495	0.00997200445476376
A04	cpps	Interior_A	0.0382867409386615	0.0280751454123635	-0.0167395329302959	0.0933130148076189	1.36372369141145	0.172654544729461	0.193029925784491
A04	cpps	Interior_B	0.0318131542386539	0.0280751454123635	-0.0232131196303035	0.0868394281076113	1.13314299076237	0.257154210181896	0.283973974433995
A04	energy	Boundary	-0.00778641911468478	0.00978885600805531	-0.0269722243403217	0.0113993861109522	-0.795437087671663	0.426359293301198	0.459081460356275
A04	energy	Interior_A	-0.0304653008152003	0.0097888560080557	-0.049651106040838	-0.0112794955895626	-3.1122432274138	0.00185671455126947	0.00253188347900383
A04	energy	Interior_B	-0.0198945508299377	0.0097888560080557	-0.0390803560555754	-0.000708745604300048	-2.03236729742123	0.0421164861911488	0.050878976606757
A04	flatness	Boundary	-0.0969664343470236	0.00670032385486066	-0.110098827787305	-0.0838340409067421	-14.4719026195548	1.82357206629359e-47	7.63355748681037e-47
A04	flatness	Interior_A	-0.122158923375436	0.00670032385486071	-0.135291316815718	-0.109026529935154	-18.2317938687123	2.88694418281621e-74	1.73216650968972e-73
A04	flatness	Interior_B	-0.151457993482158	0.00670032385486072	-0.16459038692244	-0.138325600041877	-22.604578041744	3.90692214754495e-113	3.51622993279046e-112
A04	flux	Boundary	-0.00660338941755627	0.0119565465163849	-0.0300377899691485	0.016831011134036	-0.552282334075912	0.580754932156825	0.607766789466445
A04	flux	Interior_A	0.0516206745244631	0.0119565465163853	0.0281862739728701	0.0750550750760562	4.31735655891289	1.57908961738001e-05	2.45031147524485e-05
A04	flux	Interior_B	0.039237389362546	0.0119565465163853	0.0158029888109529	0.062671789914139	3.2816657643388	0.00103195848205852	0.00143994206798864
A04	tilt	Boundary	-0.0026427965757479	0.00960985785941422	-0.0214777718767489	0.0161921787252531	-0.275008914222275	0.783309389716254	0.801466498169135
A04	tilt	Interior_A	-0.00153860016412134	0.0096098578594143	-0.0203735754651225	0.0172963751368799	-0.160106443469822	0.872797225501189	0.882603935900079
A04	tilt	Interior_B	0.00049387767070704	0.0096098578594143	-0.0183410976302942	0.0193288529717082	0.0513928174518432	0.959012508054812	0.964370119831654
A07	centroid	Boundary	-0.0047803407853169	0.007288018119495	-0.0190645938182024	0.00950391224756864	-0.655917796434915	0.511877016969797	0.541987429732726
A07	centroid	Interior_A	0.0104893176046315	0.00728801811949487	-0.00379493542825381	0.0247735706375167	1.43925514901965	0.150078245291798	0.169899900330337
A07	centroid	Interior_B	0.0206590704861356	0.00728801811949486	0.00637481745325032	0.0349433235190208	2.83466233856832	0.00458741439729663	0.00589810422509567
A07	cpps	Boundary	0.334252534342253	0.0336226980102813	0.268353257179035	0.400151811505471	9.94127640322153	2.75276989788634e-23	6.78765180300742e-23
A07	cpps	Interior_A	0.35865303352098	0.0336226980102826	0.29275375635776	0.424552310684201	10.6669914892403	1.45253450846746e-26	3.84494428711975e-26
A07	cpps	Interior_B	0.340456887231438	0.0336226980102826	0.274557610068217	0.406356164394658	10.125805107232	4.24470895356584e-24	1.07612339667866e-23
A07	energy	Boundary	-0.045707885798986	0.010162722498027	-0.0656264558799938	-0.0257893157179781	-4.49760246900963	6.8724041422101e-06	1.11444391495299e-05
A07	energy	Interior_A	-0.0221207557526088	0.0101627224980271	-0.0420393258336168	-0.00220218567160089	-2.17665647732714	0.0295062078905913	0.036130050478275
A07	energy	Interior_B	-0.0297603572160237	0.0101627224980271	-0.0496789272970317	-0.00984178713501577	-2.92838432042214	0.00340728595316051	0.00450964317330068
A07	flatness	Boundary	-0.0823443784709888	0.00694668119745221	-0.0959596234300767	-0.0687291335119009	-11.8537724893997	2.0571672063044e-32	5.97242092152891e-32
A07	flatness	Interior_A	-0.0934397112581157	0.00694668119745208	-0.107054956217203	-0.0798244662990281	-13.4509859603731	3.03794328357959e-41	9.94235983716957e-41
A07	flatness	Interior_B	-0.0982632798042204	0.00694668119745208	-0.111878524763308	-0.0846480348451328	-14.1453561796188	1.99503971136969e-45	7.64057761801159e-45
A07	flux	Boundary	-0.216014601952679	0.014771036307723	-0.24496530113015	-0.187063902775209	-14.6242008652932	1.96868838495092e-48	8.43723593550393e-48
A07	flux	Interior_A	-0.249877178872606	0.014771036307723	-0.278827878050077	-0.220926479695136	-16.9166992529805	3.38899080607364e-64	1.79417160321546e-63
A07	flux	Interior_B	-0.20510638525462	0.014771036307723	-0.234057084432091	-0.17615568607715	-13.8857139730528	7.7325998931603e-44	2.84054689952827e-43
A07	tilt	Boundary	0.0191841601318214	0.0102284244173094	-0.000863183344695161	0.039231503608338	1.87557333848567	0.0607138902772543	0.0714281062085345
A07	tilt	Interior_A	0.0205634180398524	0.0102284244173099	0.000516074563334881	0.0406107615163699	2.01041892679504	0.0443868689574775	0.053264242748973
A07	tilt	Interior_B	0.0147999669488044	0.0102284244173099	-0.00524737652771315	0.0348473104253219	1.44694493941392	0.14791234530798	0.16850773516099
A08	centroid	Boundary	0.0729887319928263	0.00867427671918132	0.0559874620312966	0.0899900019543559	8.41438823728406	3.94950623449164e-17	8.36366026127641e-17
A08	centroid	Interior_A	0.138816498517857	0.00867427671918147	0.121815228556327	0.155817768479387	16.0032361212194	1.21302536930535e-57	5.90120449932334e-57
A08	centroid	Interior_B	0.14251379356552	0.00867427671918147	0.12551252360399	0.15951506352705	16.4294728170682	1.17677525436587e-60	5.88387627182933e-60
A08	cpps	Boundary	0.636653407416544	0.0366836550552858	0.564754764686893	0.708552050146194	17.3552337262207	1.80066136635565e-67	1.01287201857506e-66
A08	cpps	Interior_A	0.67050077775817	0.0366836550552865	0.598602135028518	0.742399420487822	18.2779163294292	1.24076494831728e-74	7.9763460963254e-74
A08	cpps	Interior_B	0.652981244742164	0.0366836550552865	0.581082602012511	0.724879887471816	17.8003321576884	7.02509784543314e-71	4.07908907154182e-70
A08	energy	Boundary	-0.101441794831454	0.00990486493406373	-0.120854973373953	-0.0820286162889555	-10.2416131372561	1.29066215782635e-24	3.31884554869634e-24
A08	energy	Interior_A	-0.139511031811784	0.00990486493406392	-0.158924210354283	-0.120097853269285	-14.085101890889	4.68981894681938e-45	1.75868210505727e-44
A08	energy	Interior_B	-0.197010512077912	0.00990486493406392	-0.216423690620411	-0.177597333535413	-19.8902774938779	4.94009476327927e-88	3.70507107245946e-87
A08	flatness	Boundary	-0.190123059367442	0.00713606274850258	-0.204109485345925	-0.176136633388959	-26.642571130325	2.18206290300888e-156	3.92771322541599e-155
A08	flatness	Interior_A	-0.273963681936417	0.00713606274850258	-0.2879501079149	-0.259977255957934	-38.3914339870267	1.87744945419674e-322	6.75881803510825e-321
A08	flatness	Interior_B	-0.326552216900684	0.00713606274850258	-0.340538642879167	-0.312565790922201	-45.7608387719415	0	0
A08	flux	Boundary	-0.215151454064415	0.0150605757755265	-0.244669640170883	-0.185633267957947	-14.2857389565435	2.68545730836503e-46	1.07418292334601e-45
A08	flux	Interior_A	-0.292405508971859	0.0150605757755264	-0.321923695078327	-0.262887322865391	-19.4152941647172	5.7306909898047e-84	4.12609751265938e-83
A08	flux	Interior_B	-0.307181757201382	0.0150605757755264	-0.33669994330785	-0.277663571094914	-20.3964152353694	1.79932451403852e-92	1.40816701098667e-91
A08	tilt	Boundary	0.535952082928938	0.0124734826499538	0.511504506173243	0.560399659684632	42.9673169851181	0	0
A08	tilt	Interior_A	0.588125248202628	0.0124734826499534	0.563677671446934	0.612572824958322	47.1500433926387	0	0
A08	tilt	Interior_B	0.552708070971837	0.0124734826499534	0.528260494216144	0.577155647727531	44.3106457500787	0	0
A09	centroid	Boundary	0.0276812038653158	0.00819428741980408	0.0116206956435302	0.0437417120871014	3.3781099499165	0.000729858921257948	0.00105099684661144
A09	centroid	Interior_A	0.0999042903600288	0.00819428741980366	0.083843782138244	0.115964798581814	12.1919436360731	3.43138399820691e-34	1.06491227530559e-33
A09	centroid	Interior_B	0.135071086959387	0.00819428741980366	0.119010578737602	0.151131595181172	16.4835671534967	4.81576618055557e-61	2.47667975000001e-60
A09	cpps	Boundary	-0.0848290109222548	0.0334120721158455	-0.150315468918167	-0.0193425529263426	-2.53887309437552	0.0111210154970231	0.0139012693712789
A09	cpps	Interior_A	-0.177047959753271	0.033412072115846	-0.242534417749185	-0.111561501757358	-5.2989218728911	1.16488461614215e-07	2.01614645101526e-07
A09	cpps	Interior_B	-0.0264557516173728	0.033412072115846	-0.091942209613286	0.0390307063785404	-0.791802182326366	0.428476029665857	0.459081460356275
A09	energy	Boundary	-0.117264369376243	0.0101020849713303	-0.137064092088814	-0.0974646466636721	-11.6079373425425	3.75566051991543e-31	1.05627952122621e-30
A09	energy	Interior_A	-0.103627640689376	0.0101020849713303	-0.123427363401947	-0.0838279179768052	-10.2580448475212	1.08889041107995e-24	2.84058368107814e-24
A09	energy	Interior_B	-0.143965286491153	0.0101020849713303	-0.163765009203724	-0.124165563778583	-14.2510468779194	4.41611043884521e-46	1.7280432152003e-45
A09	flatness	Boundary	0.040013836497406	0.00837172344738842	0.0236055600519952	0.0564221129428168	4.77964146198456	1.75608076489217e-06	2.98202394038293e-06
A09	flatness	Interior_A	0.0077204710725326	0.0083717234473883	-0.00868780537287796	0.0241287475179432	0.922208087862856	0.356420045176497	0.388821867465269
A09	flatness	Interior_B	0.0669346557485644	0.0083717234473883	0.0505263793031538	0.0833429321939749	7.99532571390014	1.29231766477437e-15	2.70485092627193e-15
A09	flux	Boundary	-0.0860778962676458	0.0125602368444108	-0.110695508119984	-0.0614602844153076	-6.8532064589172	7.22127466744748e-12	1.39766606466725e-11
A09	flux	Interior_A	-0.106176185982339	0.0125602368444108	-0.130793797834677	-0.081558574130001	-8.45335858691125	2.83040695013513e-17	6.06515775028956e-17
A09	flux	Interior_B	-0.120204631194798	0.0125602368444108	-0.144822243047136	-0.0955870193424598	-9.57025195335292	1.06645460783673e-21	2.52581354487647e-21
A09	tilt	Boundary	0.274619051102751	0.0108853339891511	0.253284188524325	0.295953913681177	25.2283532481824	1.95753166641564e-140	2.51682642824868e-139
A09	tilt	Interior_A	0.291921270628349	0.0108853339891517	0.270586408049922	0.313256133206776	26.8178515164787	2.00094577143725e-158	4.50212798573381e-157
A09	tilt	Interior_B	0.286426505709878	0.0108853339891517	0.265091643131451	0.307761368288305	26.3130654507552	1.35924765630796e-152	2.03887148446194e-151
A10	centroid	Boundary	-0.0194023593146741	0.00764986787612384	-0.0343958248383667	-0.00440889379098145	-2.53629992424198	0.011203073917185	0.0139072641730572
A10	centroid	Interior_A	0.00233580669327213	0.00764986787612353	-0.0126576588304199	0.0173292722169642	0.305339481818053	0.760107608615475	0.786318215809113
A10	centroid	Interior_B	-0.00200599121674074	0.00764986787612353	-0.0169994567404328	0.0129874743069513	-0.262225603007048	0.793147515491146	0.806590693719809
A10	cpps	Boundary	-0.0397264913813086	0.0315960603527231	-0.101653631726	0.0222006489633825	-1.25732420237907	0.208636263589111	0.231818070654568
A10	cpps	Interior_A	-0.0826723262533275	0.0315960603527237	-0.14459946659802	-0.0207451859086352	-2.61653906627637	0.00888261991801773	0.0112596590510084
A10	cpps	Interior_B	-0.0350824877439731	0.0315960603527237	-0.0970096280886655	0.0268446526007192	-1.11034373755236	0.266850932620391	0.29288516994921
A10	energy	Boundary	-0.0390612339672587	0.010232086371936	-0.0591157547429564	-0.0190067131915609	-3.81752387024346	0.000134797748852883	0.000202196623279324
A10	energy	Interior_A	-0.0460437932822702	0.010232086371936	-0.0660983140579678	-0.0259892725065726	-4.49994181133544	6.79720663811835e-06	1.11227017714664e-05
A10	energy	Interior_B	-0.0437878254145336	0.010232086371936	-0.0638423461902312	-0.023733304638836	-4.27946205913904	1.87345569686341e-05	2.88223953363602e-05
A10	flatness	Boundary	-0.00365824457554977	0.0078535995145681	-0.0190510167731045	0.011734527622005	-0.465804828571139	0.6413552085374	0.667305997322151
A10	flatness	Interior_A	0.0247195833389988	0.00785359951456809	0.00932681114144412	0.0401123555365535	3.14754824117846	0.00164645935313035	0.00226231056155316
A10	flatness	Interior_B	0.0351644972309105	0.00785359951456808	0.0197717250333558	0.0505572694284652	4.47750068814713	7.55219842517302e-06	1.20300505887712e-05
A10	flux	Boundary	-0.0506837627416136	0.0136083224908939	-0.0773555847137721	-0.0240119407694551	-3.72446808014205	0.000195727474093366	0.000286430449892731
A10	flux	Interior_A	-0.0251952250449631	0.0136083224908939	-0.0518670470171216	0.00147659692719541	-1.85145708163681	0.0641038236511029	0.0749265471246658
A10	flux	Interior_B	-0.0259906568746353	0.0136083224908939	-0.0526624788467938	0.000681165097523223	-1.90990894667782	0.0561449379394477	0.0664874265072407
A10	tilt	Boundary	-0.0185339345987325	0.0104080491474542	-0.0389333360770655	0.00186546687960057	-1.78073088781156	0.0749564246333326	0.0870461705419346
A10	tilt	Interior_A	-0.00578984748408934	0.0104080491474542	-0.0261892489624224	0.0146095539942437	-0.556285563419493	0.578015654633156	0.607766789466445
A10	tilt	Interior_B	-0.0144622740375938	0.0104080491474542	-0.0348616755159268	0.0059371274407393	-1.38952783876229	0.164672301647147	0.18525633935304
A11	centroid	Boundary	-0.0526168157824747	0.00764342054248941	-0.0675976447644475	-0.0376359868005018	-6.88393573138889	5.82211494978209e-12	1.15162713292393e-11
A11	centroid	Interior_A	-0.0286264465187936	0.00764342054248934	-0.0436072755007663	-0.0136456175368209	-3.74524028341248	0.000180221202690873	0.000265900135117682
A11	centroid	Interior_B	-0.0150172396600923	0.00764342054248935	-0.029998068642065	-3.64106781195819e-05	-1.96472764734222	0.0494457682393793	0.0589419753846906
A11	cpps	Boundary	-0.321529645259875	0.0325017425341883	-0.385231890061678	-0.257827400458073	-9.89268944339404	4.47832078688524e-23	1.0893212724856e-22
A11	cpps	Interior_A	-0.450806556516446	0.0325017425341885	-0.514508801318249	-0.387104311714643	-13.8702272975747	9.59721921471697e-44	3.45499891729811e-43
A11	cpps	Interior_B	-0.23454838955506	0.0325017425341885	-0.298250634356862	-0.170846144753257	-7.2164866024749	5.33479164784325e-13	1.06695832956865e-12
A11	energy	Boundary	-0.0298458759481112	0.0104889708739486	-0.05040388109594	-0.00928787080028235	-2.84545322003317	0.00443482729705272	0.00578455734398181
A11	energy	Interior_A	-0.0399441981726433	0.0104889708739486	-0.0605022033204722	-0.0193861930248143	-3.80820946617864	0.000139976680429424	0.000208229772539639
A11	energy	Interior_B	-0.0589179958273218	0.0104889708739486	-0.0794760009751507	-0.0383599906794928	-5.61713789993029	1.94146473197733e-08	3.52993587632242e-08
A11	flatness	Boundary	-0.000242678052837602	0.00799080489222539	-0.0159043678490858	0.0154190117434106	-0.0303696631454129	0.975772238993772	0.975772238993772
A11	flatness	Interior_A	0.0230437648189526	0.00799080489222529	0.00738207502270454	0.0387054546152006	2.88378519182381	0.00392926678034052	0.0051625402953379
A11	flatness	Interior_B	0.0428827756645674	0.00799080489222529	0.0272210858683193	0.0585444654608154	5.36651516873982	8.02724524951465e-08	1.40281955816761e-07
A11	flux	Boundary	-0.0116606291480681	0.0144183464972969	-0.0399200689993892	0.016598810703253	-0.808735533596326	0.418667284476199	0.453976573528409
A11	flux	Interior_A	0.0640748653074341	0.0144183464972972	0.0358154254561122	0.0923343051587559	4.44398151476281	8.83091953658252e-06	1.3943557163025e-05
A11	flux	Interior_B	0.0801046893174357	0.0144183464972972	0.0518452494661138	0.108364129168757	5.55574727881949	2.76426574612726e-08	4.97567834302906e-08
A11	tilt	Boundary	-0.0648141864336544	0.010436561930958	-0.0852694719407539	-0.0443589009265548	-6.21030056281233	5.28833543644283e-10	9.91562894333031e-10
A11	tilt	Interior_A	-0.0813268326173936	0.010436561930958	-0.101782118124493	-0.0608715471102941	-7.79249269590912	6.5699970021457e-15	1.34386302316616e-14
A11	tilt	Interior_B	-0.068756174345244	0.010436561930958	-0.0892114598523435	-0.0483008888381444	-6.58800999793737	4.45760637160537e-11	8.53584198818050e-11
A12	centroid	Boundary	0.0769378663914873	0.00768863094779316	0.0618684266433926	0.0920073061395819	10.0067056038852	1.42416130903673e-23	3.56040327259183e-23
A12	centroid	Interior_A	0.0924736334600131	0.00768863094779305	0.0774041937119186	0.107543073208108	12.0273211301105	2.55310883158e-33	7.65932649473999e-33
A12	centroid	Interior_B	0.105860019598707	0.00768863094779305	0.0907905798506126	0.120929459346801	13.7683835155455	3.94951622903484e-43	1.36714023312744e-42
A12	cpps	Boundary	0.00867378856221621	0.0315918699954359	-0.0532451388331097	0.0705927159575421	0.274557617623437	0.783656131543154	0.801466498169135
A12	cpps	Interior_A	-0.0493270814908424	0.0315918699954355	-0.111246008886168	0.0125918459044828	-1.5613853025468	0.118432867567952	0.13578290549192
A12	cpps	Interior_B	0.0213953751653565	0.0315918699954355	-0.0405235522299687	0.0833143025606817	0.677243074514037	0.49825174211711	0.530682328882129
A12	energy	Boundary	-0.0509177597386654	0.0103974597981985	-0.0712964064738375	-0.0305391130034933	-4.8971345623753	9.72442500198786e-07	1.66704428605506e-06
A12	energy	Interior_A	-0.0492586767046154	0.0103974597981988	-0.0696373234397881	-0.0288800299694428	-4.73756837349339	2.16297890219799e-06	3.60496483699665e-06
A12	energy	Interior_B	-0.0295039632869158	0.0103974597981988	-0.0498826100220884	-0.00912531655174314	-2.83761263419619	0.00454523069528233	0.0058859102528836
A12	flatness	Boundary	0.0717931344785472	0.00826770811114884	0.0555887243460058	0.0879975446110886	8.68355939921676	3.83572471441422e-18	8.41988351944584e-18
A12	flatness	Interior_A	0.0973137546549981	0.00826770811114895	0.0811093445224565	0.11351816478754	11.7703423181778	5.54988513503086e-32	1.58568146715167e-31
A12	flatness	Interior_B	0.112581162479953	0.00826770811114895	0.0963767523474111	0.128785572612494	13.6169735271783	3.17452879831384e-42	1.05817626610461e-41
A12	flux	Boundary	-0.0610197813709067	0.0136159777143912	-0.0877066073054133	-0.0343329554364	-4.4814836400924	7.41259160800838e-06	1.19130936557278e-05
A12	flux	Interior_A	-0.0806748142735611	0.0136159777143911	-0.107361640208068	-0.0539879883390546	-5.92501074588965	3.12276968892775e-09	5.7543584421545e-09
A12	flux	Interior_B	-0.0603793305681038	0.0136159777143911	-0.0870661565026103	-0.0336925046335973	-4.43444692952804	9.23089545671212e-06	1.44483581061581e-05
A12	tilt	Boundary	0.0414609759092734	0.0101436001367268	0.0215798849677133	0.0613420668508334	4.08740243605978	4.36230032130456e-05	6.59843746079681e-05
A12	tilt	Interior_A	0.0369603258969638	0.0101436001367266	0.017079234955404	0.0568414168385236	3.64370888035528	0.000268737367848742	0.000390102630748174
A12	tilt	Interior_B	0.0335334251504508	0.0101436001367266	0.0136523342088911	0.0534145160920106	3.30587017414432	0.000946819462298539	0.00134194884420265
