system	feature	Boundary_average_estimate_tts_minus_bf	Boundary_average_BH_significant	Boundary_global_trajectory_BH_significant	Boundary_shape_BH_significant	Interior_A_average_estimate_tts_minus_bf	Interior_A_average_BH_significant	Interior_A_global_trajectory_BH_significant	Interior_A_shape_BH_significant	Interior_B_average_estimate_tts_minus_bf	Interior_B_average_BH_significant	Interior_B_global_trajectory_BH_significant	Interior_B_shape_BH_significant
A01	centroid	-0.119282746137898	TRUE	TRUE	TRUE	-0.0588407476533901	TRUE	TRUE	TRUE	-0.0675934812324688	TRUE	TRUE	TRUE
A01	cpps	0.0725162123783702	TRUE	TRUE	TRUE	0.153041884839896	TRUE	TRUE	FALSE	-0.0633507137334407	TRUE	FALSE	FALSE
A01	energy	-0.156623400538685	TRUE	TRUE	TRUE	-0.187100673899889	TRUE	TRUE	TRUE	-0.230035966308941	TRUE	TRUE	TRUE
A01	flatness	-0.109588509725145	TRUE	TRUE	TRUE	-0.172595465044378	TRUE	TRUE	TRUE	-0.189809178435169	TRUE	TRUE	TRUE
A01	flux	-0.106429694216622	TRUE	TRUE	TRUE	-0.136696597105438	TRUE	TRUE	FALSE	-0.13104116658481	TRUE	TRUE	FALSE
A01	tilt	-0.0532809834466736	TRUE	TRUE	TRUE	-0.0319117153890025	TRUE	TRUE	TRUE	-0.0413296761589569	TRUE	TRUE	TRUE
A02	centroid	0.0152738566469966	TRUE	TRUE	TRUE	0.0217100005309721	TRUE	TRUE	FALSE	0.0122548308162661	FALSE	FALSE	FALSE
A02	cpps	0.118103440005083	TRUE	TRUE	FALSE	0.16083936835552	TRUE	TRUE	FALSE	0.104638127607757	TRUE	FALSE	FALSE
A02	energy	-0.249143134332953	TRUE	TRUE	TRUE	-0.238210344076413	TRUE	TRUE	FALSE	-0.240370727061273	TRUE	TRUE	TRUE
A02	flatness	0.104398142304327	TRUE	TRUE	TRUE	0.0686075099116265	TRUE	TRUE	TRUE	0.0899419974661312	TRUE	TRUE	TRUE
A02	flux	-0.0743274548326003	TRUE	TRUE	TRUE	-0.116659286092685	TRUE	TRUE	TRUE	-0.0802973669456423	TRUE	TRUE	TRUE
A02	tilt	0.125357047996369	TRUE	TRUE	TRUE	0.0881350993749524	TRUE	TRUE	TRUE	0.0627817615743854	TRUE	TRUE	TRUE
A03	centroid	-0.128998279843101	TRUE	TRUE	TRUE	-0.0699816143329835	TRUE	TRUE	TRUE	-0.100359749605121	TRUE	TRUE	TRUE
A03	cpps	0.433570600402413	TRUE	TRUE	TRUE	0.372498848356833	TRUE	TRUE	FALSE	0.334830033330309	TRUE	TRUE	FALSE
A03	energy	-0.133289406786575	TRUE	TRUE	TRUE	-0.0940713692881551	TRUE	TRUE	TRUE	-0.0790788614244874	TRUE	TRUE	TRUE
A03	flatness	-0.142143547013758	TRUE	TRUE	TRUE	-0.18323111151648	TRUE	TRUE	TRUE	-0.203324444170949	TRUE	TRUE	TRUE
A03	flux	-0.217620606440172	TRUE	TRUE	TRUE	-0.19484502073919	TRUE	TRUE	TRUE	-0.206551080184716	TRUE	TRUE	TRUE
A03	tilt	0.261610867485655	TRUE	TRUE	TRUE	0.249829622013565	TRUE	TRUE	FALSE	0.222899787266797	TRUE	TRUE	FALSE
A04	centroid	-0.0246430806245552	TRUE	FALSE	FALSE	-0.0265928306849529	TRUE	FALSE	FALSE	-0.038989284918995	TRUE	TRUE	FALSE
A04	cpps	0.0746831082205767	TRUE	TRUE	FALSE	0.0382867409386615	FALSE	FALSE	FALSE	0.0318131542386539	FALSE	FALSE	FALSE
A04	energy	-0.00778641911468478	FALSE	FALSE	FALSE	-0.0304653008152003	TRUE	TRUE	FALSE	-0.0198945508299377	FALSE	TRUE	FALSE
A04	flatness	-0.0969664343470236	TRUE	TRUE	TRUE	-0.122158923375436	TRUE	TRUE	FALSE	-0.151457993482158	TRUE	TRUE	TRUE
A04	flux	-0.00660338941755627	FALSE	FALSE	FALSE	0.0516206745244631	TRUE	TRUE	TRUE	0.039237389362546	TRUE	TRUE	TRUE
A04	tilt	-0.0026427965757479	FALSE	FALSE	FALSE	-0.00153860016412134	FALSE	FALSE	FALSE	0.00049387767070704	FALSE	FALSE	FALSE
A07	centroid	-0.0047803407853169	FALSE	TRUE	TRUE	0.0104893176046315	FALSE	TRUE	TRUE	0.0206590704861356	TRUE	TRUE	TRUE
A07	cpps	0.334252534342253	TRUE	TRUE	FALSE	0.35865303352098	TRUE	TRUE	FALSE	0.340456887231438	TRUE	TRUE	FALSE
A07	energy	-0.045707885798986	TRUE	TRUE	TRUE	-0.0221207557526088	TRUE	FALSE	FALSE	-0.0297603572160237	TRUE	TRUE	TRUE
A07	flatness	-0.0823443784709888	TRUE	TRUE	TRUE	-0.0934397112581157	TRUE	TRUE	FALSE	-0.0982632798042204	TRUE	TRUE	FALSE
A07	flux	-0.216014601952679	TRUE	TRUE	FALSE	-0.249877178872606	TRUE	TRUE	TRUE	-0.20510638525462	TRUE	TRUE	TRUE
A07	tilt	0.0191841601318214	FALSE	TRUE	TRUE	0.0205634180398524	FALSE	TRUE	TRUE	0.0147999669488044	FALSE	TRUE	TRUE
A08	centroid	0.0729887319928263	TRUE	TRUE	TRUE	0.138816498517857	TRUE	TRUE	TRUE	0.14251379356552	TRUE	TRUE	TRUE
A08	cpps	0.636653407416544	TRUE	TRUE	TRUE	0.67050077775817	TRUE	TRUE	FALSE	0.652981244742164	TRUE	TRUE	FALSE
A08	energy	-0.101441794831454	TRUE	TRUE	TRUE	-0.139511031811784	TRUE	TRUE	TRUE	-0.197010512077912	TRUE	TRUE	TRUE
A08	flatness	-0.190123059367442	TRUE	TRUE	TRUE	-0.273963681936417	TRUE	TRUE	TRUE	-0.326552216900684	TRUE	TRUE	TRUE
A08	flux	-0.215151454064415	TRUE	TRUE	TRUE	-0.292405508971859	TRUE	TRUE	FALSE	-0.307181757201382	TRUE	TRUE	FALSE
A08	tilt	0.535952082928938	TRUE	TRUE	TRUE	0.588125248202628	TRUE	TRUE	TRUE	0.552708070971837	TRUE	TRUE	TRUE
A09	centroid	0.0276812038653158	TRUE	TRUE	TRUE	0.0999042903600288	TRUE	TRUE	TRUE	0.135071086959387	TRUE	TRUE	TRUE
A09	cpps	-0.0848290109222548	TRUE	TRUE	TRUE	-0.177047959753271	TRUE	TRUE	FALSE	-0.0264557516173728	FALSE	FALSE	FALSE
A09	energy	-0.117264369376243	TRUE	TRUE	TRUE	-0.103627640689376	TRUE	TRUE	TRUE	-0.143965286491153	TRUE	TRUE	TRUE
A09	flatness	0.040013836497406	TRUE	TRUE	FALSE	0.0077204710725326	FALSE	FALSE	FALSE	0.0669346557485644	TRUE	TRUE	TRUE
A09	flux	-0.0860778962676458	TRUE	TRUE	TRUE	-0.106176185982339	TRUE	TRUE	FALSE	-0.120204631194798	TRUE	TRUE	FALSE
A09	tilt	0.274619051102751	TRUE	TRUE	FALSE	0.291921270628349	TRUE	TRUE	FALSE	0.286426505709878	TRUE	TRUE	FALSE
A10	centroid	-0.0194023593146741	TRUE	FALSE	FALSE	0.00233580669327213	FALSE	FALSE	FALSE	-0.00200599121674074	FALSE	FALSE	FALSE
A10	cpps	-0.0397264913813086	FALSE	FALSE	FALSE	-0.0826723262533275	TRUE	FALSE	FALSE	-0.0350824877439731	FALSE	FALSE	FALSE
A10	energy	-0.0390612339672587	TRUE	TRUE	FALSE	-0.0460437932822702	TRUE	TRUE	FALSE	-0.0437878254145336	TRUE	TRUE	FALSE
A10	flatness	-0.00365824457554977	FALSE	FALSE	FALSE	0.0247195833389988	TRUE	TRUE	FALSE	0.0351644972309105	TRUE	TRUE	FALSE
A10	flux	-0.0506837627416136	TRUE	TRUE	FALSE	-0.0251952250449631	FALSE	FALSE	FALSE	-0.0259906568746353	FALSE	FALSE	FALSE
A10	tilt	-0.0185339345987325	FALSE	FALSE	FALSE	-0.00578984748408934	FALSE	FALSE	FALSE	-0.0144622740375938	FALSE	FALSE	FALSE
A11	centroid	-0.0526168157824747	TRUE	TRUE	TRUE	-0.0286264465187936	TRUE	TRUE	FALSE	-0.0150172396600923	FALSE	FALSE	FALSE
A11	cpps	-0.321529645259875	TRUE	TRUE	TRUE	-0.450806556516446	TRUE	TRUE	FALSE	-0.23454838955506	TRUE	TRUE	FALSE
A11	energy	-0.0298458759481112	TRUE	TRUE	TRUE	-0.0399441981726433	TRUE	TRUE	FALSE	-0.0589179958273218	TRUE	TRUE	FALSE
A11	flatness	-0.000242678052837602	FALSE	TRUE	TRUE	0.0230437648189526	TRUE	TRUE	TRUE	0.0428827756645674	TRUE	TRUE	FALSE
A11	flux	-0.0116606291480681	FALSE	TRUE	TRUE	0.0640748653074341	TRUE	TRUE	TRUE	0.0801046893174357	TRUE	TRUE	TRUE
A11	tilt	-0.0648141864336544	TRUE	TRUE	TRUE	-0.0813268326173936	TRUE	TRUE	FALSE	-0.068756174345244	TRUE	TRUE	FALSE
A12	centroid	0.0769378663914873	TRUE	TRUE	TRUE	0.0924736334600131	TRUE	TRUE	FALSE	0.105860019598707	TRUE	TRUE	FALSE
A12	cpps	0.00867378856221621	FALSE	FALSE	FALSE	-0.0493270814908424	FALSE	FALSE	FALSE	0.0213953751653565	FALSE	FALSE	FALSE
A12	energy	-0.0509177597386654	TRUE	TRUE	FALSE	-0.0492586767046154	TRUE	TRUE	TRUE	-0.0295039632869158	TRUE	FALSE	FALSE
A12	flatness	0.0717931344785472	TRUE	TRUE	TRUE	0.0973137546549981	TRUE	TRUE	FALSE	0.112581162479953	TRUE	TRUE	FALSE
A12	flux	-0.0610197813709067	TRUE	TRUE	TRUE	-0.0806748142735611	TRUE	TRUE	FALSE	-0.0603793305681038	TRUE	TRUE	FALSE
A12	tilt	0.0414609759092734	TRUE	TRUE	FALSE	0.0369603258969638	TRUE	TRUE	FALSE	0.0335334251504508	TRUE	TRUE	FALSE
