system,feature,time_ms,estimate,significant,equivalent
A01,centroid,-20,0.0671188214077604,True,False
A01,centroid,-15,0.0292091535567156,False,True
A01,centroid,-10,-0.0126017271457195,False,True
A01,centroid,-5,-0.0592733798530078,True,True
A01,centroid,0,-0.0999987489269036,True,False
A01,centroid,5,-0.123052408501297,True,False
A01,centroid,10,-0.124802066590333,True,False
A01,centroid,15,-0.105816300264279,True,False
A01,centroid,20,-0.0753740289376493,True,False
A02,centroid,-20,0.0365935573717577,False,True
A02,centroid,-15,0.0220568702763146,False,True
A02,centroid,-10,0.0129057988109074,False,True
A02,centroid,-5,0.0111882004676563,False,True
A02,centroid,0,0.0056009001870184,False,True
A02,centroid,5,-0.0128657185404121,False,True
A02,centroid,10,-0.0306960054718302,False,True
A02,centroid,15,-0.0335827630587601,True,True
A02,centroid,20,-0.0265778712822547,False,True
A03,centroid,-20,0.109831916430941,True,False
A03,centroid,-15,0.0780380799906663,True,False
A03,centroid,-10,0.0455380228510126,True,True
A03,centroid,-5,0.0099556025928903,False,True
A03,centroid,0,-0.0377650100816291,True,True
A03,centroid,5,-0.101068357681182,True,False
A03,centroid,10,-0.154274148678391,True,False
A03,centroid,15,-0.173502721096166,True,False
A03,centroid,20,-0.17120176519458,True,False
A04,centroid,-20,0.0122476023962974,False,True
A04,centroid,-15,0.0088626946792817,False,True
A04,centroid,-10,0.0072497892269864,False,True
A04,centroid,-5,0.008441936639155,False,True
A04,centroid,0,0.0105163808556237,False,True
A04,centroid,5,0.0111699212017409,False,True
A04,centroid,10,0.0095333852048118,False,True
A04,centroid,15,0.0054146134934363,False,True
A04,centroid,20,-0.000104529100565,False,True
A07,centroid,-20,0.0678394357425141,True,False
A07,centroid,-15,0.0403708930166841,True,True
A07,centroid,-10,0.0129338965396744,False,True
A07,centroid,-5,-0.0138621232425949,False,True
A07,centroid,0,-0.0370961990958048,True,True
A07,centroid,5,-0.0538860367761915,True,True
A07,centroid,10,-0.0638155707906095,True,True
A07,centroid,15,-0.067606861882105,True,True
A07,centroid,20,-0.0680682469878708,True,False
A08,centroid,-20,0.0597584048493357,True,False
A08,centroid,-15,0.0204250228600592,False,True
A08,centroid,-10,-0.0213364191222825,False,True
A08,centroid,-5,-0.0661216664194179,True,True
A08,centroid,0,-0.107197205667726,True,False
A08,centroid,5,-0.135926058269055,True,False
A08,centroid,10,-0.143386643372478,True,False
A08,centroid,15,-0.124606768042229,True,False
A08,centroid,20,-0.0906963932559656,True,False
A09,centroid,-20,-0.0123518674182015,False,True
A09,centroid,-15,-0.0633680885964335,True,True
A09,centroid,-10,-0.10747407221176,True,False
A09,centroid,-5,-0.138236601804202,True,False
A09,centroid,0,-0.151130545325479,True,False
A09,centroid,5,-0.142994490856956,True,False
A09,centroid,10,-0.114213822586877,True,False
A09,centroid,15,-0.0674629874099303,True,True
A09,centroid,20,-0.011025886939688,False,True
A10,centroid,-20,-0.0007358282757569,False,True
A10,centroid,-15,-0.0159711291695518,False,True
A10,centroid,-10,-0.0266212115620394,False,True
A10,centroid,-5,-0.0295830238777498,True,True
A10,centroid,0,-0.0276821822445607,False,True
A10,centroid,5,-0.0245286597623842,False,True
A10,centroid,10,-0.0209411897159213,False,True
A10,centroid,15,-0.0170466269003697,False,True
A10,centroid,20,-0.0129955519681241,False,True
A11,centroid,-20,-0.0222827433228193,False,True
A11,centroid,-15,-0.0567353656001225,True,True
A11,centroid,-10,-0.0717658172691446,True,False
A11,centroid,-5,-0.0561470315016733,True,True
A11,centroid,0,-0.0314323565897701,False,True
A11,centroid,5,-0.0201222629164184,False,True
A11,centroid,10,-0.0157252941080136,False,True
A11,centroid,15,-0.0073607778787465,False,True
A11,centroid,20,0.0044168949494227,False,True
A12,centroid,-20,-0.0225638745786669,False,True
A12,centroid,-15,-0.0354401579259165,True,True
A12,centroid,-10,-0.044768592651768,True,True
A12,centroid,-5,-0.0475644311874777,True,True
A12,centroid,0,-0.0430953301749196,True,True
A12,centroid,5,-0.0314856674610387,True,True
A12,centroid,10,-0.0140343015024457,False,True
A12,centroid,15,0.0075776001403633,False,True
A12,centroid,20,0.0313141141010149,False,True
A01,cpps,-20,0.0833793961972601,False,False
A01,cpps,-15,0.11898262350677,True,False
A01,cpps,-10,0.13021794320272,True,False
A01,cpps,-5,0.101241617575192,True,False
A01,cpps,0,0.0503065885288499,False,False
A01,cpps,5,3.08423301234248e-05,False,True
A01,cpps,10,-0.0436041369220648,False,False
A01,cpps,15,-0.0797849775554755,True,False
A01,cpps,20,-0.111734255437094,True,False
A02,cpps,-20,0.0021778070307806,False,True
A02,cpps,-15,0.0013479473865888,False,True
A02,cpps,-10,0.002520457089939,False,True
A02,cpps,-5,0.0056928371065393,False,True
A02,cpps,0,0.002843114874762,False,True
A02,cpps,5,-0.0123959276792748,False,True
A02,cpps,10,-0.0317530171511328,False,True
A02,cpps,15,-0.0459368107588127,False,False
A02,cpps,20,-0.0562141796883939,False,False
A03,cpps,-20,-0.0231039410775807,False,False
A03,cpps,-15,0.0303781002858281,False,True
A03,cpps,-10,0.0759162436584067,True,False
A03,cpps,-5,0.107010937129394,True,False
A03,cpps,0,0.122940013108302,True,False
A03,cpps,5,0.124722398006981,True,False
A03,cpps,10,0.114564009926358,True,False
A03,cpps,15,0.0953369127987684,True,False
A03,cpps,20,0.0713907621931248,False,False
A04,cpps,-20,0.0416871714382591,False,False
A04,cpps,-15,0.0824094759568647,True,False
A04,cpps,-10,0.0985722729099985,True,False
A04,cpps,-5,0.0765827079982665,True,False
A04,cpps,0,0.0467145399865852,False,False
A04,cpps,5,0.0378356934824515,False,True
A04,cpps,10,0.0293241433993733,False,True
A04,cpps,15,-0.0035966026802292,False,True
A04,cpps,20,-0.0528309568042988,False,False
A07,cpps,-20,-0.0175870611369374,False,False
A07,cpps,-15,-0.0084427001511967,False,True
A07,cpps,-10,-0.0065483790754561,False,True
A07,cpps,-5,-0.0156237786872721,False,True
A07,cpps,0,-0.0252671432344282,False,True
A07,cpps,5,-0.0250975263536228,False,True
A07,cpps,10,-0.0189386557669863,False,True
A07,cpps,15,-0.0128208081326209,False,True
A07,cpps,20,-0.0073957817670841,False,True
A08,cpps,-20,0.0545558597358632,False,False
A08,cpps,-15,0.040003372494582,False,False
A08,cpps,-10,0.0206416942617623,False,True
A08,cpps,-5,-0.0065820600544446,False,True
A08,cpps,0,-0.0376955519471284,False,False
A08,cpps,5,-0.0662254700784324,True,False
A08,cpps,10,-0.0827198353854741,True,False
A08,cpps,15,-0.0805341261080045,True,False
A08,cpps,20,-0.0672323174213343,False,False
A09,cpps,-20,-0.0832928054160852,False,False
A09,cpps,-15,-0.0280055382608705,False,True
A09,cpps,-10,0.0140113396243671,False,True
A09,cpps,-5,0.034082611435246,False,True
A09,cpps,0,0.0419137502297659,False,False
A09,cpps,5,0.0483463435357106,False,False
A09,cpps,10,0.0503857468976196,False,False
A09,cpps,15,0.043557782639042,False,True
A09,cpps,20,0.0313063721828108,False,False
A10,cpps,-20,-0.0310125569512341,False,False
A10,cpps,-15,0.0031331792388055,False,True
A10,cpps,-10,0.0299762489664035,False,True
A10,cpps,-5,0.0440004875146972,False,True
A10,cpps,0,0.0468357371491412,False,False
A10,cpps,5,0.0415612319532577,False,True
A10,cpps,10,0.0299077663005232,False,True
A10,cpps,15,0.0134521835634826,False,True
A10,cpps,20,-0.0054960371790009,False,True
A11,cpps,-20,-0.0525386483772183,False,False
A11,cpps,-15,-0.0197563367328019,False,True
A11,cpps,-10,0.0079322764878092,False,True
A11,cpps,-5,0.0270315695020507,False,True
A11,cpps,0,0.0404382270923215,False,False
A11,cpps,5,0.0509461059891084,False,False
A11,cpps,10,0.0545454441502847,False,False
A11,cpps,15,0.0475289532523579,False,True
A11,cpps,20,0.0342028586189858,False,False
A12,cpps,-20,-0.0321655738173618,False,False
A12,cpps,-15,-0.010156012093966,False,True
A12,cpps,-10,0.0140428841690352,False,True
A12,cpps,-5,0.039514900715673,False,True
A12,cpps,0,0.0529216281076805,False,False
A12,cpps,5,0.0444041772956917,False,False
A12,cpps,10,0.0304439359682396,False,True
A12,cpps,15,0.0287943126563691,False,True
A12,cpps,20,0.035956522523271,False,False
A01,energy,-20,-0.0247005093069678,False,True
A01,energy,-15,0.0049566688306773,False,True
A01,energy,-10,0.0361839449786082,True,True
A01,energy,-5,0.0683296465852851,True,True
A01,energy,0,0.0918550188518654,True,False
A01,energy,5,0.0977027494103221,True,False
A01,energy,10,0.0876283778631932,True,False
A01,energy,15,0.0663028104989952,True,True
A01,energy,20,0.0392455683795939,False,True
A02,energy,-20,0.0273645076934042,False,True
A02,energy,-15,0.0444762357441833,True,True
A02,energy,-10,0.0441289712524894,True,True
A02,energy,-5,0.0165469158644823,False,True
A02,energy,0,-0.0173129520191481,False,True
A02,energy,5,-0.0357639242404826,True,True
A02,energy,10,-0.0449331503672165,True,True
A02,energy,15,-0.0554045697398906,True,True
A02,energy,20,-0.0677754230648138,True,False
A03,energy,-20,-0.0931842094000082,True,False
A03,energy,-15,-0.0947675521982659,True,False
A03,energy,-10,-0.0978692649965916,True,False
A03,energy,-5,-0.100561961307336,True,False
A03,energy,0,-0.0871352286919791,True,False
A03,energy,5,-0.0462568750954571,True,True
A03,energy,10,0.0021093840526081,False,True
A03,energy,15,0.0364987873973255,True,True
A03,energy,20,0.0607382973674173,True,True
A04,energy,-20,0.0066672659190783,False,True
A04,energy,-15,0.0166323033139175,False,True
A04,energy,-10,0.0254232169968686,False,True
A04,energy,-5,0.0316295851282924,True,True
A04,energy,0,0.0328957933575427,True,True
A04,energy,5,0.0275463131452385,True,True
A04,energy,10,0.0175711517080643,False,True
A04,energy,15,0.0055355758482014,False,True
A04,energy,20,-0.0073596450462459,False,True
A07,energy,-20,0.0223399048837039,False,True
A07,energy,-15,0.0175755203446185,False,True
A07,energy,-10,0.0103802326843661,False,True
A07,energy,-5,-0.0010148033238389,False,True
A07,energy,0,-0.0157302013292555,False,True
A07,energy,5,-0.032049334110349,True,True
A07,energy,10,-0.0475548425399349,True,True
A07,energy,15,-0.0603701220696081,True,True
A07,energy,20,-0.0714823183717292,True,False
A08,energy,-20,-0.0465121210312921,True,True
A08,energy,-15,-0.0136577700722115,False,True
A08,energy,-10,0.0188812545521558,False,True
A08,energy,-5,0.0512673562510273,True,True
A08,energy,0,0.0855738574093441,True,False
A08,energy,5,0.120739245608044,True,False
A08,energy,10,0.141251750236329,True,False
A08,energy,15,0.133989193556017,True,False
A08,energy,20,0.10983802751113,True,False
A09,energy,-20,0.0611926186923794,True,False
A09,energy,-15,0.0674319872949426,True,True
A09,energy,-10,0.0733553016688911,True,False
A09,energy,-5,0.0756419866849572,True,False
A09,energy,0,0.0589533836112619,True,True
A09,energy,5,0.012163199711739,False,True
A09,energy,10,-0.0469873101638139,True,True
A09,energy,15,-0.0987495125410304,True,False
A09,energy,20,-0.14421280703313,True,False
A10,energy,-20,-0.0037137675985384,False,True
A10,energy,-15,-0.0015053573451404,False,True
A10,energy,-10,0.0040812970784178,False,True
A10,energy,-5,0.0141412761846023,False,True
A10,energy,0,0.0206370058551007,False,True
A10,energy,5,0.0164511661342434,False,True
A10,energy,10,0.0072801083477079,False,True
A10,energy,15,0.0002140941938118,False,True
A10,energy,20,-0.0048946444199161,False,True
A11,energy,-20,-0.0134175910228755,False,True
A11,energy,-15,0.003565163654709,False,True
A11,energy,-10,0.019209256833979,False,True
A11,energy,-5,0.0321401209155555,True,True
A11,energy,0,0.0408395638958021,True,True
A11,energy,5,0.0434315146429022,True,True
A11,energy,10,0.0367520099165755,True,True
A11,energy,15,0.0189592188057271,False,True
A11,energy,20,-0.0052122681755328,False,True
A12,energy,-20,-0.0346183661675265,False,True
A12,energy,-15,-0.0363284081857682,True,True
A12,energy,-10,-0.0323329428786893,True,True
A12,energy,-5,-0.0194839215775835,False,True
A12,energy,0,-0.0048631302401998,False,True
A12,energy,5,0.0038921772502097,False,True
A12,energy,10,0.0071527099348391,False,True
A12,energy,15,0.0071558905433989,False,True
A12,energy,20,0.0055980336352212,False,True
A01,flatness,-20,0.0508002306498349,True,True
A01,flatness,-15,0.0707993918078773,True,True
A01,flatness,-10,0.0952934465855495,True,False
A01,flatness,-5,0.123195700565029,True,False
A01,flatness,0,0.131093107178686,True,False
A01,flatness,5,0.100493124256735,True,False
A01,flatness,10,0.0549115793705715,True,True
A01,flatness,15,0.0211103760222345,False,True
A01,flatness,20,-0.0031726483048616,False,True
A02,flatness,-20,0.0783874247532603,True,False
A02,flatness,-15,0.0863727888634489,True,False
A02,flatness,-10,0.0822881565493709,True,False
A02,flatness,-5,0.0576761285743364,True,True
A02,flatness,0,0.0185296944519636,False,True
A02,flatness,5,-0.023108795681352,False,True
A02,flatness,10,-0.0454499379484124,True,True
A02,flatness,15,-0.0319322191871067,False,True
A02,flatness,20,0.0033472571635259,False,True
A03,flatness,-20,0.102428094219274,True,False
A03,flatness,-15,0.106881560865445,True,False
A03,flatness,-10,0.113634503070805,True,False
A03,flatness,-5,0.120413202186187,True,False
A03,flatness,0,0.106651162728999,True,False
A03,flatness,5,0.0569921074280327,True,True
A03,flatness,10,-0.0047865913089432,False,True
A03,flatness,15,-0.052504374574963,True,True
A03,flatness,20,-0.0895015871452329,True,False
A04,flatness,-20,-0.029648953491409,False,True
A04,flatness,-15,-0.0211504953000827,False,True
A04,flatness,-10,0.0009380929880054,False,True
A04,flatness,-5,0.0427691665769401,True,True
A04,flatness,0,0.0807439811000955,True,False
A04,flatness,5,0.0914641461896315,True,False
A04,flatness,10,0.0820837870435586,True,False
A04,flatness,15,0.065372137915283,True,True
A04,flatness,20,0.0460063537139396,True,True
A07,flatness,-20,0.0103131526299194,False,True
A07,flatness,-15,-0.0080537231311717,False,True
A07,flatness,-10,-0.0097186870816126,False,True
A07,flatness,-5,0.0136654002311455,False,True
A07,flatness,0,0.037026588827246,True,True
A07,flatness,5,0.0359825338584007,True,True
A07,flatness,10,0.0223284004350023,False,True
A07,flatness,15,0.0127446853783105,False,True
A07,flatness,20,0.0072757023943733,False,True
A08,flatness,-20,-0.02897490325116,False,True
A08,flatness,-15,0.0132772590761005,False,True
A08,flatness,-10,0.0679042827968438,True,True
A08,flatness,-5,0.138360077413101,True,False
A08,flatness,0,0.192414744861098,True,False
A08,flatness,5,0.199889540731088,True,False
A08,flatness,10,0.174494142795254,True,False
A08,flatness,15,0.137479071358995,True,False
A08,flatness,20,0.0963697946786548,True,False
A09,flatness,-20,0.0064754467614881,False,True
A09,flatness,-15,0.0015855008597352,False,True
A09,flatness,-10,-0.0023036283405084,False,True
A09,flatness,-5,-0.0048014475713557,False,True
A09,flatness,0,-0.0079587572994086,False,True
A09,flatness,5,-0.0121142084516821,False,True
A09,flatness,10,-0.0083165600623552,False,True
A09,flatness,15,0.0112267150277112,False,True
A09,flatness,20,0.0403833968580929,False,True
A10,flatness,-20,-0.0159544536511046,False,True
A10,flatness,-15,-0.040568120774678,True,True
A10,flatness,-10,-0.056368157641959,True,True
A10,flatness,-5,-0.0574930184723925,True,True
A10,flatness,0,-0.0498894953883734,True,True
A10,flatness,5,-0.0406093682046722,True,True
A10,flatness,10,-0.0293160296026102,False,True
A10,flatness,15,-0.0145394691238537,False,True
A10,flatness,20,0.0023355491151035,False,True
A11,flatness,-20,-0.0376135691085471,False,True
A11,flatness,-15,-0.0806656036771488,True,False
A11,flatness,-10,-0.0965751138175448,True,False
A11,flatness,-5,-0.0697161602631559,True,True
A11,flatness,0,-0.030529144393909,False,True
A11,flatness,5,-0.0109669904909354,False,True
A11,flatness,10,-0.0029663737936771,False,True
A11,flatness,15,0.0079867073974102,False,True
A11,flatness,20,0.0221927134961299,False,True
A12,flatness,-20,-0.0225739545331526,False,True
A12,flatness,-15,-0.0225118462163876,False,True
A12,flatness,-10,-0.0337893816067073,False,True
A12,flatness,-5,-0.060666481040976,True,True
A12,flatness,0,-0.0790841713751773,True,False
A12,flatness,5,-0.0666254315149697,True,True
A12,flatness,10,-0.035759942045594,False,True
A12,flatness,15,-0.0039151157716664,False,True
A12,flatness,20,0.026537407304277,False,True
A01,flux,-15,-0.0212882452004087,False,True
A01,flux,-10,0.0217216482514443,False,True
A01,flux,-5,0.0456762837007249,True,True
A01,flux,0,0.0441434237075006,True,True
A01,flux,5,0.0348213462144629,True,True
A01,flux,10,0.029363864073107,False,True
A01,flux,15,0.0301026901792489,True,True
A01,flux,20,0.034972490101939,False,True
A02,flux,-15,-0.0673365730116796,True,False
A02,flux,-10,-0.0458533252295174,True,True
A02,flux,-5,-0.0346588623247474,True,True
A02,flux,0,-0.0278495187559034,False,True
A02,flux,5,0.010059784451911,False,True
A02,flux,10,0.0752324339811943,True,False
A02,flux,15,0.125589171717594,True,False
A02,flux,20,0.158023862663655,True,False
A03,flux,-15,0.0746121722631496,True,False
A03,flux,-10,0.0546245554966211,True,True
A03,flux,-5,0.0293253074923983,False,True
A03,flux,0,-0.0035582347897672,False,True
A03,flux,5,-0.040212030141289,True,True
A03,flux,10,-0.0718986740590158,True,False
A03,flux,15,-0.0874147937617429,True,False
A03,flux,20,-0.090858750326103,True,False
A04,flux,-15,-0.0480194095132722,True,True
A04,flux,-10,-0.0647773991266937,True,True
A04,flux,-5,-0.0814945203541044,True,False
A04,flux,0,-0.0919963598644677,True,False
A04,flux,5,-0.0791345574518851,True,False
A04,flux,10,-0.0459732368906676,True,True
A04,flux,15,-0.0149272211238115,False,True
A04,flux,20,0.0100633334364155,False,True
A07,flux,-15,0.0413717926406522,False,True
A07,flux,-10,0.0375768171507282,True,True
A07,flux,-5,0.0327870619836221,True,True
A07,flux,0,0.0252566587299747,False,True
A07,flux,5,0.0119988319517174,False,True
A07,flux,10,-0.0051309546094432,False,True
A07,flux,15,-0.019956847209381,False,True
A07,flux,20,-0.0320859197503974,False,True
A08,flux,-15,0.0652875935551792,True,False
A08,flux,-10,0.098027364383625,True,False
A08,flux,-5,0.119478658729385,True,False
A08,flux,0,0.122362426427864,True,False
A08,flux,5,0.107402120756472,True,False
A08,flux,10,0.0811746854093188,True,False
A08,flux,15,0.0542607890832441,True,True
A08,flux,20,0.0291437938325559,False,True
A09,flux,-15,-0.013895320263315,False,True
A09,flux,-10,-0.0104098249877352,False,True
A09,flux,-5,0.0029466447515145,False,True
A09,flux,0,0.0262479738151552,False,True
A09,flux,5,0.0413330969033628,True,True
A09,flux,10,0.0460812924176746,True,True
A09,flux,15,0.0550086354105572,True,True
A09,flux,20,0.0695876005201687,True,False
A10,flux,-15,-0.0024575627776019,False,True
A10,flux,-10,-0.0188867262203621,False,True
A10,flux,-5,-0.0305241508888419,False,True
A10,flux,0,-0.0351390175861962,True,True
A10,flux,5,-0.0353944826265323,True,True
A10,flux,10,-0.0326917879399541,True,True
A10,flux,15,-0.0267761617797197,False,True
A10,flux,20,-0.018856684435307,False,True
A11,flux,-15,-0.0071837225760512,False,True
A11,flux,-10,-0.0693984128776578,True,True
A11,flux,-5,-0.115138919684594,True,False
A11,flux,0,-0.133751585373458,True,False
A11,flux,5,-0.126168155849335,True,False
A11,flux,10,-0.101083929778327,True,False
A11,flux,15,-0.0725122058377204,True,True
A11,flux,20,-0.0447663197068805,True,True
A12,flux,-15,-0.0418031362420713,True,True
A12,flux,-10,-0.027920835732829,False,True
A12,flux,-5,-0.0115256699584624,False,True
A12,flux,0,0.0071285019569198,False,True
A12,flux,5,0.0226140595621969,False,True
A12,flux,10,0.0334774815155072,True,True
A12,flux,15,0.0426481484616467,True,True
A12,flux,20,0.0514397788364982,True,True
A01,tilt,-20,0.120876041294892,True,False
A01,tilt,-15,0.0882065376359927,True,False
A01,tilt,-10,0.0470166326566379,True,True
A01,tilt,-5,-0.0057800569800075,False,True
A01,tilt,0,-0.0515338426762949,True,True
A01,tilt,5,-0.0731518276660033,True,True
A01,tilt,10,-0.0815043544431055,True,False
A01,tilt,15,-0.0910927420904181,True,False
A01,tilt,20,-0.102978976785938,True,False
A02,tilt,-20,0.145196793731691,True,False
A02,tilt,-15,0.138962668151816,True,False
A02,tilt,-10,0.129595491042722,True,False
A02,tilt,-5,0.113591157686662,True,False
A02,tilt,0,0.0859613506117683,True,False
A02,tilt,5,0.0432918633893214,True,True
A02,tilt,10,-0.010050853482696,False,True
A02,tilt,15,-0.0684436531529091,True,True
A02,tilt,20,-0.129017260283078,True,False
A03,tilt,-20,0.0178177493723664,False,True
A03,tilt,-15,0.020156943425945,False,True
A03,tilt,-10,0.028763375623456,True,True
A03,tilt,-5,0.0459958524221879,True,True
A03,tilt,0,0.0585794535328555,True,True
A03,tilt,5,0.0532603254214488,True,True
A03,tilt,10,0.0325026083216358,True,True
A03,tilt,15,0.0023880803224738,False,True
A03,tilt,20,-0.0322489228330977,False,True
A04,tilt,-20,-0.0082659222949018,False,True
A04,tilt,-15,-0.0091910217522675,False,True
A04,tilt,-10,-0.0089720527402735,False,True
A04,tilt,-5,-0.0067119187356607,False,True
A04,tilt,0,-0.0025014109995728,False,True
A04,tilt,5,0.0028030411765287,False,True
A04,tilt,10,0.0062703441643152,False,True
A04,tilt,15,0.0054662739450704,False,True
A04,tilt,20,0.0020187492753952,False,True
A07,tilt,-20,0.0604296610416218,True,True
A07,tilt,-15,0.0427838777510472,True,True
A07,tilt,-10,0.0265060920726898,False,True
A07,tilt,-5,0.0124612801694139,False,True
A07,tilt,0,-0.0004976675933278,False,True
A07,tilt,5,-0.0136052380925659,False,True
A07,tilt,10,-0.0264333413778516,False,True
A07,tilt,15,-0.0383724657656924,True,True
A07,tilt,20,-0.0497499894678979,True,True
A08,tilt,-20,0.0791091095659853,True,False
A08,tilt,-15,0.0441395194697394,True,True
A08,tilt,-10,0.0086897400546652,False,True
A08,tilt,-5,-0.0267734541393838,True,True
A08,tilt,0,-0.0579954331378278,True,True
A08,tilt,5,-0.0804739000465139,True,False
A08,tilt,10,-0.0925037457277233,True,False
A08,tilt,15,-0.0942013294681219,True,False
A08,tilt,20,-0.0901716964954773,True,False
A09,tilt,-20,-0.0069918155745437,False,True
A09,tilt,-15,-0.0308692447168856,True,True
A09,tilt,-10,-0.0429947933452784,True,True
A09,tilt,-5,-0.0361221910565495,True,True
A09,tilt,0,-0.0210276078906334,False,True
A09,tilt,5,-0.0098286872090479,False,True
A09,tilt,10,-0.0019865252165363,False,True
A09,tilt,15,0.0055558884159951,False,True
A09,tilt,20,0.0132714429962147,False,True
A10,tilt,-20,0.0147459859983735,False,True
A10,tilt,-15,0.0019093046574078,False,True
A10,tilt,-10,-0.0073526644797699,False,True
A10,tilt,-5,-0.0107887583083652,False,True
A10,tilt,0,-0.0114420101195565,False,True
A10,tilt,5,-0.0127955409967001,False,True
A10,tilt,10,-0.0147986267958901,False,True
A10,tilt,15,-0.0166964988522484,False,True
A10,tilt,20,-0.0184520556442692,False,True
A11,tilt,-20,-0.0089422775216066,False,True
A11,tilt,-15,-0.0319819160212881,True,True
A11,tilt,-10,-0.034013784777385,True,True
A11,tilt,-5,-0.0035906562368766,False,True
A11,tilt,0,0.0324925283910022,True,True
A11,tilt,5,0.0461050756615037,True,True
A11,tilt,10,0.042015451950083,True,True
A11,tilt,15,0.0314437804197794,True,True
A11,tilt,20,0.0185176515637676,False,True
A12,tilt,-20,0.0003837586281328,False,True
A12,tilt,-15,-0.0051646513139134,False,True
A12,tilt,-10,-0.0079163543297627,False,True
A12,tilt,-5,-0.0057879083615277,False,True
A12,tilt,0,0.0004510691754401,False,True
A12,tilt,5,0.0090369554641458,False,True
A12,tilt,10,0.0170831655542561,False,True
A12,tilt,15,0.0222591783495703,False,True
A12,tilt,20,0.0255816903037531,False,True
